{"stats":{"minecraft:mined":{"minecraft:dark_oak_planks":119,"minecraft:white_bed":2,"minecraft:cherry_log":28,"minecraft:obsidian":6,"minecraft:carved_pumpkin":17,"minecraft:granite":7,"minecraft:acacia_log":7,"minecraft:stone_brick_wall":2,"minecraft:coal_block":1,"minecraft:deepslate_bricks":1,"minecraft:oak_wall_sign":1,"minecraft:chiseled_stone_bricks":28,"minecraft:tall_seagrass":1,"minecraft:magma_block":11,"minecraft:fire":9,"minecraft:barrel":4,"minecraft:pumpkin":23,"minecraft:moss_carpet":1,"minecraft:cave_vines":1,"butcher:skinned_hanging_cow":1,"minecraft:oak_stairs":9,"butcher:bloody_butchers_table":1,"farm_and_charm:wild_strawberries":8,"minecraft:red_bed":1,"minecraft:smoker":1,"minecraft:powder_snow":1,"minecraft:torch":30,"minecraft:blast_furnace":1,"farmersdelight:cabbages":23,"minecraft:sugar_cane":52,"butcher:butcherstable":1,"gnumus:gnumus_clay_block":1,"minecraft:wheat":104,"minecraft:grass":1674,"butcher:brainjar":1,"minecraft:red_mushroom_block":138,"minecraft:stonecutter":2,"minecraft:piston":1,"minecraft:deepslate":59,"minecraft:mossy_cobblestone":1,"farmersdelight:wild_carrots":14,"minecraft:dark_oak_log":550,"vinery:stackable_log":1,"farmersdelight:wild_cabbages":18,"minecraft:moss_block":16,"farmersdelight:wild_onions":13,"minecraft:redstone_ore":1,"farm_and_charm:crafting_bowl":1,"minecraft:andesite":53,"mysticsbiomes:strawberry_stairs":10,"minecraft:potatoes":73,"farm_and_charm:mincer":1,"vinery:dark_oak_lattice":4,"minecraft:rail":10,"vinery:grapevine_stem":18,"gnumus:fragile_gnumus_jug":10,"minecraft:warped_trapdoor":7,"goblins_tyranny:alarm_horn":3,"minecraft:cherry_planks":3,"vinery:grapevine_pot":2,"minecraft:stone_brick_slab":28,"minecraft:dandelion":33,"minecraft:cornflower":1,"minecraft:campfire":1,"minecraft:copper_ore":29,"minecraft:tall_grass":283,"farmersdelight:wild_tomatoes":4,"minecraft:deepslate_gold_ore":10,"minecraft:big_dripleaf":5,"butcher:drained_hanging_cow":1,"minecraft:spruce_log":33,"minecraft:birch_leaves":1,"butcher:bonebarrel":4,"vinery:dark_oak_wine_rack_small":2,"displaydelight:food_plate":2,"minecraft:gravel":2,"minecraft:cobweb":2,"minecraft:stone_bricks":32,"farm_and_charm:wild_tomatoes":16,"minecraft:chipped_anvil":1,"minecraft:gold_ore":3,"minecraft:spruce_planks":5,"minecraft:farmland":51,"minecraft:spruce_trapdoor":31,"minecraft:grass_block":2004,"minecraft:dead_tube_coral_block":1,"farmersdelight:budding_tomatoes":3,"vinery:dirt_slab":4,"minecraft:raw_iron_block":4,"minecraft:iron_ore":141,"minecraft:azure_bluet":2,"minecraft:dark_oak_stairs":20,"minecraft:azalea":2,"butcher:pig_corpse_skeleton":1,"minecraft:deepslate_redstone_ore":17,"lootr:lootr_chest":1,"farm_and_charm:wild_beetroots":22,"minecraft:clay":46,"farm_and_charm:wild_carrots":16,"minecraft:poppy":1,"minecraft:chest":19,"minecraft:mushroom_stem":5,"minecraft:cobblestone":45,"minecraft:oak_planks":67,"minecraft:wall_torch":37,"minecraft:pink_petals":1,"minecraft:seagrass":1,"farmersdelight:sandy_shrub":1,"minecraft:dark_oak_slab":50,"farm_and_charm:wild_onions":36,"minecraft:birch_log":24,"farmersdelight:cutting_board":2,"refurbished_furniture:light_electricity_generator":1,"mysticsbiomes:strawberry_planks":10,"minecraft:oak_log":261,"minecraft:sand":260,"minecraft:dirt":1001,"vinery:apple_leaves":5,"minecraft:netherrack":3,"minecraft:oak_leaves":148,"minecraft:crying_obsidian":2,"minecraft:tuff":8,"farmersdelight:onions":1,"minecraft:dark_oak_leaves":32,"minecraft:deepslate_diamond_ore":1,"gravestone:gravestone":2,"minecraft:potted_azalea_bush":1,"farmersdelight:tomatoes":12,"butcher:pighead":1,"butcher:hanging_sheep_corpse":2,"gnumus:scion_weed":3,"minecraft:oak_trapdoor":4,"minecraft:furnace":6,"minecraft:carrots":79,"minecraft:dark_oak_fence_gate":1,"minecraft:stripped_spruce_log":8,"farm_and_charm:water_sprinkler":2,"minecraft:deepslate_iron_ore":55,"butcher:frogcutopen":1,"refurbished_furniture:light_range_hood":2,"minecraft:stripped_oak_log":3,"minecraft:stone":757,"minecraft:flowering_azalea":1,"minecraft:oak_fence":101,"minecraft:crafting_table":10,"farm_and_charm:wild_potatoes":15,"minecraft:stone_slab":4,"minecraft:deepslate_coal_ore":10,"minecraft:lapis_ore":2,"displaydelight:plated_stuffed_potato":1,"refurbished_furniture:workbench":1,"farmersdelight:wild_beetroots":9,"minecraft:sweet_berry_bush":5,"minecraft:coal_ore":488,"minecraft:cherry_leaves":4,"minecraft:polished_andesite":4,"farm_and_charm:wild_corn":6,"paraglider:goddess_statue":1,"farm_and_charm:tool_rack":5},"minecraft:custom":{"minecraft:interact_with_crafting_table":255,"minecraft:open_barrel":73,"minecraft:leave_game":36,"minecraft:time_since_death":1935394,"minecraft:damage_blocked_by_shield":3155,"minecraft:play_time":2067236,"minecraft:deaths":3,"minecraft:jump":13421,"minecraft:interact_with_furnace":115,"minecraft:traded_with_villager":4,"minecraft:sleep_in_bed":21,"minecraft:damage_dealt":24832,"minecraft:interact_with_smoker":15,"minecraft:horse_one_cm":7970,"minecraft:interact_with_anvil":5,"minecraft:sneak_time":33615,"minecraft:total_world_time":2067236,"minecraft:interact_with_stonecutter":27,"minecraft:time_since_rest":8496,"minecraft:swim_one_cm":167267,"minecraft:fly_one_cm":2678508,"minecraft:open_chest":961,"minecraft:fall_one_cm":201952,"lootr:looted_stat":95,"minecraft:animals_bred":2,"minecraft:sprint_one_cm":8345965,"minecraft:drop":135,"minecraft:talked_to_villager":19,"minecraft:walk_on_water_one_cm":197528,"minecraft:crouch_one_cm":56489,"minecraft:mob_kills":165,"minecraft:climb_one_cm":15506,"minecraft:walk_one_cm":4162184,"minecraft:walk_under_water_one_cm":94213,"minecraft:boat_one_cm":35821,"minecraft:damage_taken":6205,"minecraft:damage_absorbed":40},"minecraft:killed_by":{"alexsmobs:crocodile":2},"minecraft:used":{"minecraft:moss_block":4,"farm_and_charm:kernels":9,"minecraft:spruce_slab":16,"farmersdelight:cabbage_seeds":45,"minecraft:ladder":1,"vinery:dark_oak_wine_rack_big":2,"minecraft:chest":139,"minecraft:stone":1,"astikorcarts:supply_cart":1,"minecraft:allium":6,"mysticsbiomes:strawberry_planks":10,"farm_and_charm:wild_strawberries":4,"butcher:bonebarrel":4,"farm_and_charm:wild_corn":3,"minecraft:lava_bucket":4,"minecraft:birch_sapling":12,"minecraft:dark_oak_slab":450,"minecraft:cherry_leaves":4,"farm_and_charm:wild_beetroots":11,"minecraft:dark_oak_boat":7,"minecraft:sweet_berries":12,"minecraft:oak_sapling":18,"minecraft:furnace":18,"minecraft:potato":136,"gnumus:grilled_juicy_meat":7,"minecraft:seagrass":6,"minecraft:spruce_door":1,"minecraft:wooden_pickaxe":16,"minecraft:composter":3,"minecraft:sand":204,"farm_and_charm:roaster":1,"gnumus:gnumus_chickpeas":2,"vinery:apple_leaves":5,"butcher:skinned_cow_corpse_item":2,"minecraft:birch_log":6,"minecraft:oak_trapdoor":12,"minecraft:carved_pumpkin":16,"farm_and_charm:wild_potatoes":5,"mysticsbiomes:cyan_egg":1,"minecraft:netherrack":1,"displaydelight:small_food_plate":3,"minecraft:torch":765,"farmersdelight:flint_knife":38,"farm_and_charm:tool_rack":9,"farm_and_charm:onion":9,"farm_and_charm:wild_carrots":8,"minecraft:oak_fence_gate":2,"vinery:dirt_slab":10,"refurbished_furniture:recycle_bin":1,"farmersdelight:oak_cabinet":1,"refurbished_furniture:dark_oak_desk":12,"minecraft:chipped_anvil":1,"minecraft:iron_axe":1813,"refurbished_furniture:light_toaster":1,"minecraft:barrel":11,"farmersdelight:cooking_pot":3,"farmersdelight:tomato_seeds":26,"minecraft:cobbled_deepslate":26,"farm_and_charm:tomato":15,"minecraft:cherry_log":47,"alexsdelight:cooked_bison":7,"minecraft:wheat_seeds":169,"farmersdelight:iron_knife":6,"minecraft:water_bucket":326,"minecraft:birch_planks":59,"butcher:butchers_knife":4,"minecraft:cherry_planks":31,"farmersdelight:dark_oak_cabinet":5,"minecraft:deepslate_bricks":1,"minecraft:mossy_cobblestone":1,"minecraft:oak_slab":3,"minecraft:crafting_table":18,"minecraft:red_bed":1,"minecraft:white_bed":4,"minecraft:campfire":2,"minecraft:dark_oak_fence_gate":3,"farm_and_charm:stove":1,"minecraft:spruce_log":19,"minecraft:oak_log":126,"minecraft:diamond_pickaxe":10,"minecraft:cornflower":1,"minecraft:warped_trapdoor":3,"butcher:bloody_butchers_table":1,"minecraft:iron_pickaxe":1337,"vinery:fermentation_barrel":4,"minecraft:spruce_trapdoor":85,"farm_and_charm:tomato_seeds":18,"butcher:butcherstable":5,"minecraft:chiseled_stone_bricks":89,"minecraft:cobblestone":275,"farm_and_charm:water_sprinkler":8,"minecraft:cooked_porkchop":2,"refurbished_furniture:dark_oak_chair":7,"vinery:grapevine_pot":4,"vinery:dark_oak_lattice":24,"minecraft:stripped_oak_log":68,"minecraft:dandelion":11,"minecraft:moss_carpet":1,"minecraft:iron_shovel":2917,"refurbished_furniture:spruce_drawer":6,"mysticsbiomes:strawberry_stairs":12,"farmersdelight:stove":3,"minecraft:shield":108,"minecraft:iron_sword":21,"paraglider:goddess_statue":1,"farm_and_charm:crafting_bowl":4,"displaydelight:food_plate":8,"minecraft:carrot":261,"farmersdelight:wild_onions":5,"minecraft:axolotl_bucket":2,"refurbished_furniture:spruce_kitchen_storage_cabinet":7,"minecraft:obsidian":7,"vinery:dark_oak_wine_rack_small":4,"farmersdelight:tomato":26,"minecraft:lantern":15,"alexsmobs:cooked_lobster_tail":2,"farmersdelight:wild_cabbages":9,"butcher:pighead":1,"vinery:stackable_log":4,"minecraft:stone_bricks":230,"minecraft:item_frame":24,"farmersdelight:cutting_board":4,"minecraft:magma_block":1,"butcher:skeleton_pig_corpse":2,"butcher:bloodgratetank":10,"refurbished_furniture:dark_oak_table":9,"minecraft:dark_oak_sapling":3,"minecraft:dark_oak_stairs":53,"minecraft:stone_pickaxe":560,"minecraft:oak_planks":240,"farm_and_charm:wild_tomatoes":8,"minecraft:sugar_cane":17,"farmersdelight:chicken_sandwich":2,"minecraft:stone_brick_wall":10,"farm_and_charm:wild_onions":18,"minecraft:shears":21,"minecraft:birch_fence_gate":2,"refurbished_furniture:light_range_hood":5,"minecraft:dark_oak_log":70,"minecraft:bread":73,"farm_and_charm:strawberry_seeds":9,"goblins_tyranny:alarm_horn":1,"minecraft:gravel":2,"minecraft:cooked_rabbit":16,"minecraft:andesite":2,"minecraft:tropical_fish_bucket":2,"minecraft:bone_meal":18,"minecraft:experience_bottle":1,"minecraft:oak_fence":133,"minecraft:stone_shovel":355,"minecraft:spruce_planks":8,"minecraft:stone_hoe":152,"minecraft:cooked_chicken":7,"minecraft:oak_door":2,"minecraft:dirt":4260,"minecraft:spyglass":23,"butcher:sheep_corpse_item":2,"minecraft:spruce_stairs":94,"minecraft:granite":2,"special_drops:zombie_sword":369,"minecraft:iron_hoe":454,"minecraft:stone_brick_slab":56,"minecraft:dark_oak_planks":507,"farm_and_charm:corn":1,"butcher:pestleandmortarblock":2,"farm_and_charm:mincer":7,"farm_and_charm:window_sill":1,"minecraft:oak_stairs":103,"vinery:grapevine_stem":32,"minecraft:cooked_beef":8,"minecraft:pumpkin":2,"alexsmobs:boiled_emu_egg":1,"minecraft:cooked_mutton":13,"minecraft:baked_potato":99,"minecraft:stonecutter":3,"minecraft:cobblestone_slab":6,"farmersdelight:onion":10,"minecraft:painting":48,"minecraft:smoker":6,"minecraft:dark_oak_door":2,"minecraft:piston":3,"farmersdelight:apple_cider":4,"minecraft:apple":9,"farmersdelight:stuffed_potato":4,"minecraft:stone_slab":38,"refurbished_furniture:light_electricity_generator":5,"minecraft:stone_axe":222,"minecraft:pink_petals":12,"farm_and_charm:cooking_pot":1,"refurbished_furniture:workbench":2,"minecraft:bucket":217,"alexsmobs:animal_dictionary":3},"minecraft:dropped":{"minecraft:porkchop":3,"farmersdelight:stuffed_potato":2,"minecraft:red_mushroom":3,"minecraft:dirt":5,"minecraft:grass":2,"gnumus:gnumus_claw":1,"alexsmobs:flying_fish":1,"backpacked:backpack":1,"minecraft:sand":1,"minecraft:iron_pickaxe":2,"gnumus:grilled_juicy_meat":1,"minecraft:bone":3,"vinery:wine_bottle":4,"minecraft:rotten_flesh":7,"minecraft:spruce_slab":3,"minecraft:beef":2,"minecraft:crying_obsidian":1,"farmersdelight:tomato_seeds":4,"minecraft:wheat_seeds":29,"minecraft:feather":2,"alexsmobs:boiled_emu_egg":1,"minecraft:cobblestone":32,"special_drops:zombie_sword":2,"minecraft:oxeye_daisy":2,"minecraft:string":3,"minecraft:moss_carpet":10,"butcher:cow_skin":2,"minecraft:clay_ball":40,"minecraft:shears":1,"minecraft:big_dripleaf":13,"minecraft:allium":5,"minecraft:spruce_trapdoor":2,"mysticsbiomes:milkweed":1,"minecraft:spider_eye":2,"minecraft:birch_boat":1,"minecraft:bow":2,"farmersdelight:apple_cider":3,"farmersdelight:ham":4,"minecraft:moss_block":26,"minecraft:leather":9,"minecraft:cornflower":2,"minecraft:seagrass":1,"gravestone:obituary":1,"minecraft:cherry_sapling":1,"minecraft:carrot":18,"gnumus:gnumus_doubloons":2,"minecraft:poppy":2,"minecraft:azalea":4,"minecraft:arrow":1,"farm_and_charm:corn":3,"minecraft:bread":8,"butcher:butchers_knife":1,"minecraft:poisonous_potato":1,"minecraft:lead":1,"minecraft:torch":31,"plenty_of_golems:golems_staff":1,"farmersdelight:bacon":6,"minecraft:flowering_azalea":5,"minecraft:dandelion":1,"farmersdelight:chicken_sandwich":3,"butcher:sheep_corpse_item":1,"minecraft:shield":1,"gnumus:packaged_goods":1,"minecraft:stone_pickaxe":1},"minecraft:broken":{"minecraft:iron_hoe":1,"minecraft:stone_hoe":1,"minecraft:iron_axe":6,"minecraft:iron_pickaxe":5,"minecraft:iron_shovel":11,"minecraft:stone_pickaxe":4,"minecraft:stone_axe":2,"minecraft:stone_shovel":2},"minecraft:crafted":{"gnumus:grilled_juicy_meat":9,"vinery:dark_oak_wine_rack_big":2,"farm_and_charm:mincer":1,"plenty_of_golems:golems_staff":1,"farm_and_charm:kernels":18,"minecraft:cooked_mutton":5,"minecraft:birch_fence_gate":2,"vinery:dirt_slab":138,"astikorcarts:wheel":2,"farm_and_charm:stove":1,"minecraft:cooked_rabbit":14,"vinery:wine_bottle":4,"minecraft:glass_bottle":6,"minecraft:deepslate":32,"minecraft:wooden_shovel":1,"farmersdelight:iron_knife":1,"farmersdelight:chicken_sandwich":5,"minecraft:copper_ingot":5,"minecraft:campfire":3,"minecraft:stone_slab":14,"minecraft:iron_pickaxe":8,"minecraft:iron_block":1,"minecraft:gold_ingot":3,"minecraft:light_gray_dye":1,"farmersdelight:stuffed_potato":6,"minecraft:composter":3,"minecraft:stone_shovel":4,"minecraft:iron_nugget":9,"minecraft:bone_meal":45,"mysticsbiomes:strawberry_stairs":40,"vinery:fermentation_barrel":4,"minecraft:ladder":3,"minecraft:stone_pickaxe":5,"farm_and_charm:strawberry_seeds":8,"minecraft:dark_oak_planks":1660,"astikorcarts:supply_cart":1,"farmersdelight:cooking_pot":1,"minecraft:oak_fence_gate":2,"farm_and_charm:water_sprinkler":6,"minecraft:oak_stairs":52,"minecraft:iron_shovel":13,"minecraft:iron_leggings":1,"minecraft:white_bed":1,"alexsmobs:blood_sac":2,"minecraft:brick":144,"minecraft:oak_planks":560,"minecraft:cobblestone_slab":6,"minecraft:barrel":13,"minecraft:dark_oak_boat":1,"minecraft:cooked_chicken":5,"minecraft:stone":242,"displaydelight:food_plate":2,"vinery:stackable_log":2,"minecraft:chest":121,"minecraft:bricks":10,"minecraft:stone_hoe":2,"refurbished_furniture:light_toaster":1,"minecraft:smoker":3,"farmersdelight:tomato_seeds":2,"minecraft:item_frame":9,"minecraft:oak_slab":36,"vinery:grapevine_stem":40,"minecraft:crafting_table":9,"minecraft:spruce_planks":168,"minecraft:baked_potato":106,"minecraft:wooden_pickaxe":1,"minecraft:red_wool":2,"minecraft:birch_planks":236,"farmersdelight:cutting_board":1,"minecraft:spruce_trapdoor":50,"minecraft:dark_oak_slab":456,"minecraft:diamond_pickaxe":1,"minecraft:yellow_dye":1,"minecraft:shield":5,"minecraft:stick":508,"minecraft:iron_ingot":131,"butcher:butchers_knife":1,"alexsmobs:mosquito_larva":9,"minecraft:dark_oak_fence_gate":2,"minecraft:shears":3,"farm_and_charm:tomato_seeds":18,"minecraft:cherry_planks":28,"minecraft:coal":9,"minecraft:furnace":10,"vinery:grapevine_pot":2,"minecraft:piston":2,"farm_and_charm:pitchfork":1,"vinery:dark_oak_wine_rack_small":2,"minecraft:oak_trapdoor":20,"minecraft:iron_axe":7,"minecraft:iron_hoe":2,"vinery:dark_oak_lattice":20,"backpacked:backpack":2,"minecraft:cooked_beef":9,"minecraft:sugar":77,"paraglider:paraglider":2,"minecraft:red_dye":1,"minecraft:dark_oak_stairs":20,"minecraft:iron_sword":1,"refurbished_furniture:light_range_hood":3,"alexsmobs:boiled_emu_egg":2,"minecraft:bucket":3,"minecraft:stone_axe":3,"minecraft:air":0,"minecraft:bread":18,"vinery:straw_hat":1,"minecraft:stonecutter":1,"minecraft:acacia_planks":48,"minecraft:torch":644},"minecraft:killed":{"alexsmobs:lobster":1,"minecraft:skeleton":24,"minecraft:chicken":2,"gnumus:big_snout":2,"goblins_tyranny:mini_goblin_2":1,"minecraft:zombie":28,"goblins_tyranny:mini_goblin_3":1,"recrafted_creatures:owl":1,"minecraft:cow":6,"alexsmobs:seagull":1,"goblins_tyranny:mini_goblin_1":2,"gnumus:gnumus_hunter":7,"gnumus:gnumus_hunter_not_dispawn":3,"alexsmobs:potoo":1,"minecraft:rabbit":14,"minecraft:wandering_trader":4,"minecraft:enderman":2,"minecraft:spider":11,"gnumus:pitcher_mousse":2,"minecraft:pig":2,"alexsmobs:grizzly_bear":1,"minecraft:zombie_villager":1,"minecraft:sheep":7,"minecraft:trader_llama":4,"gnumus:pitcher_mouse_pac":1,"minecraft:phantom":5,"alexsmobs:bison":3,"minecraft:drowned":8,"alexsmobs:flying_fish":2,"alexsmobs:gazelle":1,"alexsmobs:crow":1,"minecraft:villager":2},"minecraft:picked_up":{"minecraft:seagrass":12,"displaydelight:food_plate":3,"minecraft:lead":5,"minecraft:stone_slab":6,"minecraft:oak_stairs":6,"farm_and_charm:crafting_bowl":2,"farmersdelight:cutting_board":2,"paraglider:goddess_statue":1,"minecraft:string":12,"minecraft:beetroot":45,"minecraft:cobbled_deepslate":65,"minecraft:spruce_planks":9,"butcher:skinned_cow_corpse_item":2,"minecraft:coal_block":1,"minecraft:golden_helmet":1,"minecraft:big_dripleaf":13,"butcher:brainjar":2,"minecraft:acacia_log":8,"minecraft:cherry_log":28,"minecraft:rabbit_foot":2,"farm_and_charm:lamb_ham":2,"minecraft:brown_carpet":1,"plenty_of_golems:golems_staff":1,"gnumus:vintage_metal":2,"farmersdelight:wild_cabbages":9,"minecraft:tropical_fish":1,"farmersdelight:onion":24,"farmersdelight:wild_onions":5,"minecraft:iron_block":1,"minecraft:carved_pumpkin":17,"farm_and_charm:corn":37,"butcher:raw_pork_belly":2,"alexsmobs:lobster_tail":1,"alexsmobs:flying_fish":14,"minecraft:birch_log":86,"minecraft:magma_block":10,"butcher:butcherstable":1,"minecraft:feather":4,"farm_and_charm:wild_tomatoes":8,"minecraft:dark_oak_boat":8,"minecraft:smoker":1,"farmersdelight:bacon":6,"alexsmobs:bison_fur":4,"butcher:kidney":2,"farmersdelight:tomato":25,"minecraft:lantern":5,"gnumus:gnumus_pouch_2":5,"vinery:dark_oak_lattice":4,"farm_and_charm:tool_rack":5,"minecraft:chipped_anvil":1,"butcher:cow_skin":2,"minecraft:stonecutter":2,"goblins_tyranny:alarm_horn":2,"butcher:raw_tbone_steak":4,"vinery:grapevine_stem":36,"minecraft:rabbit":18,"minecraft:moss_block":32,"butcher:cow_headf":1,"patchouli:guide_book":1,"farm_and_charm:strawberry_seeds":1,"refurbished_furniture:knife":1,"farm_and_charm:water_sprinkler":2,"minecraft:stripped_spruce_log":8,"minecraft:dark_oak_log":535,"alexsmobs:animal_dictionary":1,"minecraft:barrel":4,"vinery:apple_leaves":5,"minecraft:polished_andesite":4,"farm_and_charm:wild_onions":18,"minecraft:granite":3,"minecraft:bread":18,"butcher:batmeat":4,"minecraft:crafting_table":11,"minecraft:clay_ball":239,"farm_and_charm:wild_potatoes":5,"butcher:raw_sirloin_steak":3,"minecraft:cornflower":5,"minecraft:red_bed":1,"mysticsbiomes:milkweed":1,"minecraft:beef":14,"minecraft:poppy":6,"minecraft:spruce_slab":4,"alexsmobs:cooked_lobster_tail":1,"minecraft:chest":20,"minecraft:birch_sapling":12,"minecraft:piston":1,"minecraft:egg":5,"butcher:pighead":1,"gnumus:juicy_meat":9,"farm_and_charm:wild_corn":3,"butcher:sheep_corpse_item":4,"farmersdelight:tomato_seeds":19,"minecraft:carrot":334,"minecraft:redstone":84,"minecraft:beetroot_seeds":9,"minecraft:shears":1,"minecraft:deepslate_bricks":1,"farm_and_charm:strawberry":14,"gnumus:mouse_skin":16,"butcher:frogcutopen":2,"minecraft:mutton":15,"minecraft:rail":15,"minecraft:white_wool":6,"minecraft:oxeye_daisy":2,"minecraft:stripped_oak_log":3,"butcher:villager_meat":1,"vinery:stackable_log":2,"minecraft:tripwire_hook":1,"minecraft:red_mushroom":45,"ancient_golems:sword_fragment":1,"gnumus:gnumus_pouch":6,"minecraft:oak_log":267,"farmersdelight:skillet":1,"farm_and_charm:onion":69,"mysticsbiomes:purple_egg":3,"minecraft:apple":8,"minecraft:stone_bricks":33,"minecraft:stone_pickaxe":1,"butcher:raw_chuck_steak":1,"minecraft:iron_sword":1,"minecraft:flowering_azalea":5,"minecraft:dark_oak_stairs":20,"butcher:sheephead":1,"minecraft:dark_oak_slab":57,"minecraft:milk_bucket":3,"minecraft:sweet_berries":14,"minecraft:gravel":2,"butcher:raw_rump_steak":1,"vinery:grapevine_pot":2,"goblins_tyranny:goblins_tyranny_guide":1,"refurbished_furniture:workbench":1,"gnumus:gnumus_cheese":3,"minecraft:spruce_log":33,"minecraft:crying_obsidian":1,"farmersdelight:stuffed_potato":1,"minecraft:baked_potato":1,"butcher:lungs":1,"minecraft:ender_pearl":1,"minecraft:wheat":86,"gnumus:gnumus_claw":18,"minecraft:dead_tube_coral_block":1,"minecraft:raw_copper":100,"farm_and_charm:mincer":1,"minecraft:oak_sign":5,"farmersdelight:cabbage":29,"minecraft:bucket":1,"gnumus:packaged_goods":1,"minecraft:red_dye":2,"minecraft:azalea":4,"minecraft:iron_pickaxe":1,"farmersdelight:cabbage_seeds":105,"vinery:jungle_grape_seeds_white":5,"minecraft:furnace":7,"minecraft:stick":124,"special_drops:zombie_sword":2,"minecraft:oak_fence":161,"minecraft:torch":161,"minecraft:porkchop":5,"minecraft:rotten_flesh":35,"alexsdelight:raw_bison":14,"gnumus:gnumus_chickpeas":12,"alexsmobs:emu_egg":5,"minecraft:obsidian":6,"minecraft:cod":1,"minecraft:cobblestone":797,"minecraft:pink_petals":12,"gnumus:gnumus_doubloons":19,"minecraft:cherry_planks":3,"minecraft:andesite":52,"gnumus:overripe_carrot":18,"minecraft:potato":299,"alexsmobs:bear_fur":1,"minecraft:tuff":6,"minecraft:warped_trapdoor":7,"farmersdelight:chicken_sandwich":1,"minecraft:lapis_lazuli":11,"minecraft:dirt":3075,"minecraft:bone":26,"butcher:raw_ribeye_steak":1,"minecraft:bow":2,"minecraft:wheat_seeds":534,"minecraft:raw_gold":15,"butcher:animalfat":10,"butcher:intestines":1,"butcher:stomach":1,"minecraft:oak_planks":70,"mysticsbiomes:strawberry_planks":10,"minecraft:poisonous_potato":1,"minecraft:sand":261,"farmersdelight:ham":4,"mysticsbiomes:orange_egg":5,"minecraft:mossy_cobblestone":1,"farm_and_charm:tomato_seeds":2,"farm_and_charm:tomato":21,"minecraft:diamond":2,"gnumus:gnumus_clay":44,"minecraft:bone_meal":2,"minecraft:grass":2,"minecraft:golden_apple":1,"minecraft:spruce_sign":10,"minecraft:oak_sapling":20,"vinery:dirt_slab":4,"minecraft:netherrack":3,"butcher:liver":1,"minecraft:charcoal":2,"minecraft:allium":25,"minecraft:azure_bluet":3,"minecraft:chicken":6,"minecraft:turtle_helmet":1,"minecraft:wooden_pickaxe":1,"minecraft:brick":65,"minecraft:shield":1,"minecraft:oak_trapdoor":4,"minecraft:moss_carpet":11,"minecraft:iron_axe":1,"minecraft:item_frame":7,"refurbished_furniture:light_electricity_generator":1,"minecraft:sugar_cane":70,"mysticsbiomes:strawberry_stairs":10,"vinery:dark_oak_wine_rack_small":2,"minecraft:spruce_trapdoor":29,"minecraft:phantom_membrane":3,"minecraft:dark_oak_sapling":3,"farm_and_charm:wild_strawberries":4,"minecraft:raw_iron":210,"minecraft:copper_ingot":1,"butcher:pestleandmortarblock":64,"minecraft:stone_pressure_plate":1,"minecraft:dark_oak_planks":172,"mysticsbiomes:cyan_egg":2,"minecraft:arrow":18,"gnumus:gnumus_pouch_3":1,"butcher:butchers_knife":2,"minecraft:golden_carrot":2,"refurbished_furniture:light_range_hood":2,"minecraft:leather":44,"vinery:jungle_grape_seeds_red":9,"butcher:skeleton_pig_corpse":2,"minecraft:birch_planks":2,"minecraft:gunpowder":2,"farm_and_charm:wild_beetroots":11,"minecraft:cooked_mutton":8,"gnumus:gnumus_horn":2,"minecraft:rabbit_hide":20,"minecraft:cooked_chicken":2,"minecraft:oak_slab":3,"minecraft:birch_boat":1,"minecraft:pumpkin":23,"minecraft:chiseled_stone_bricks":28,"minecraft:stone_brick_slab":28,"minecraft:dandelion":75,"minecraft:raw_iron_block":4,"minecraft:dripstone_block":9,"butcher:frogsleg":2,"butcher:bloody_butchers_table":1,"minecraft:blast_furnace":1,"minecraft:white_bed":3,"minecraft:spider_eye":3,"minecraft:dark_oak_fence_gate":1,"farm_and_charm:wild_carrots":8,"butcher:heart":1,"minecraft:spruce_door":1,"butcher:cowhoof":4,"minecraft:pumpkin_seeds":60,"minecraft:cherry_sapling":1,"minecraft:black_wool":1,"butcher:bonebarrel":4,"minecraft:coal":529}},"DataVersion":3465}