{"stats":{"minecraft:picked_up":{"minecraft:seagrass":12,"minecraft:wheat":68,"displaydelight:food_plate":3,"minecraft:stone_slab":4,"gnumus:gnumus_claw":13,"minecraft:lead":5,"minecraft:oak_stairs":6,"farm_and_charm:crafting_bowl":2,"paraglider:goddess_statue":1,"farmersdelight:cutting_board":2,"minecraft:string":10,"minecraft:dead_tube_coral_block":1,"minecraft:raw_copper":95,"farm_and_charm:mincer":1,"minecraft:oak_sign":5,"minecraft:beetroot":2,"minecraft:cobbled_deepslate":65,"farmersdelight:cabbage":7,"minecraft:bucket":1,"minecraft:spruce_planks":8,"gnumus:packaged_goods":1,"minecraft:red_dye":2,"minecraft:azalea":4,"minecraft:iron_pickaxe":1,"minecraft:coal_block":1,"farmersdelight:cabbage_seeds":34,"minecraft:furnace":7,"minecraft:golden_helmet":1,"minecraft:stick":114,"special_drops:zombie_sword":2,"minecraft:big_dripleaf":13,"butcher:brainjar":2,"minecraft:oak_fence":161,"minecraft:torch":72,"minecraft:acacia_log":8,"minecraft:porkchop":5,"minecraft:rabbit_foot":2,"farm_and_charm:lamb_ham":2,"plenty_of_golems:golems_staff":1,"gnumus:vintage_metal":1,"minecraft:rotten_flesh":32,"minecraft:tropical_fish":1,"farmersdelight:onion":3,"alexsdelight:raw_bison":14,"minecraft:carved_pumpkin":17,"gnumus:gnumus_chickpeas":7,"alexsmobs:emu_egg":5,"butcher:raw_pork_belly":2,"minecraft:obsidian":6,"alexsmobs:lobster_tail":1,"alexsmobs:flying_fish":14,"minecraft:cobblestone":630,"minecraft:birch_log":86,"butcher:butcherstable":1,"gnumus:gnumus_doubloons":6,"minecraft:magma_block":10,"minecraft:feather":4,"gnumus:overripe_carrot":15,"minecraft:andesite":4,"minecraft:dark_oak_boat":7,"minecraft:smoker":1,"minecraft:potato":211,"alexsmobs:bear_fur":1,"alexsmobs:bison_fur":4,"farmersdelight:bacon":6,"minecraft:tuff":6,"minecraft:warped_trapdoor":7,"farmersdelight:chicken_sandwich":1,"minecraft:lapis_lazuli":11,"farmersdelight:tomato":7,"minecraft:dirt":1458,"minecraft:lantern":4,"gnumus:gnumus_pouch_2":4,"farm_and_charm:tool_rack":2,"minecraft:bone":22,"minecraft:chipped_anvil":1,"minecraft:stonecutter":2,"minecraft:bow":2,"minecraft:wheat_seeds":366,"butcher:raw_tbone_steak":3,"goblins_tyranny:alarm_horn":2,"minecraft:raw_gold":14,"minecraft:rabbit":18,"minecraft:moss_block":29,"minecraft:oak_planks":59,"patchouli:guide_book":1,"refurbished_furniture:knife":1,"minecraft:sand":151,"farmersdelight:ham":4,"minecraft:dark_oak_log":231,"mysticsbiomes:orange_egg":4,"alexsmobs:animal_dictionary":1,"minecraft:mossy_cobblestone":1,"minecraft:polished_andesite":4,"minecraft:diamond":1,"gnumus:gnumus_clay":24,"minecraft:granite":3,"minecraft:bone_meal":2,"minecraft:golden_apple":1,"minecraft:spruce_sign":10,"minecraft:bread":15,"butcher:batmeat":4,"minecraft:oak_sapling":20,"minecraft:netherrack":3,"minecraft:charcoal":2,"minecraft:crafting_table":9,"minecraft:allium":12,"minecraft:azure_bluet":2,"minecraft:chicken":6,"minecraft:clay_ball":239,"minecraft:turtle_helmet":1,"minecraft:wooden_pickaxe":1,"minecraft:brick":65,"butcher:raw_sirloin_steak":2,"minecraft:cornflower":5,"minecraft:oak_trapdoor":4,"minecraft:red_bed":1,"minecraft:moss_carpet":11,"mysticsbiomes:milkweed":1,"minecraft:item_frame":6,"minecraft:beef":11,"refurbished_furniture:light_electricity_generator":1,"minecraft:poppy":4,"minecraft:spruce_slab":1,"alexsmobs:cooked_lobster_tail":1,"minecraft:sugar_cane":70,"minecraft:chest":14,"minecraft:birch_sapling":12,"minecraft:spruce_trapdoor":11,"minecraft:piston":1,"minecraft:phantom_membrane":3,"minecraft:egg":5,"minecraft:dark_oak_sapling":3,"minecraft:raw_iron":203,"butcher:pighead":1,"minecraft:copper_ingot":1,"gnumus:juicy_meat":9,"butcher:sheep_corpse_item":4,"farmersdelight:tomato_seeds":4,"butcher:pestleandmortarblock":64,"minecraft:carrot":263,"minecraft:redstone":84,"minecraft:stone_pressure_plate":1,"minecraft:dark_oak_planks":90,"mysticsbiomes:cyan_egg":2,"minecraft:arrow":15,"minecraft:beetroot_seeds":9,"minecraft:shears":1,"minecraft:deepslate_bricks":1,"butcher:frogcutopen":2,"gnumus:mouse_skin":8,"minecraft:mutton":9,"minecraft:white_wool":6,"minecraft:oxeye_daisy":2,"minecraft:stripped_oak_log":3,"butcher:villager_meat":1,"refurbished_furniture:light_range_hood":2,"minecraft:golden_carrot":2,"minecraft:tripwire_hook":1,"minecraft:leather":19,"minecraft:red_mushroom":45,"butcher:skeleton_pig_corpse":2,"gnumus:gnumus_pouch":6,"minecraft:oak_log":229,"minecraft:gunpowder":2,"farmersdelight:skillet":1,"mysticsbiomes:purple_egg":3,"minecraft:cooked_mutton":8,"minecraft:apple":3,"minecraft:stone_bricks":9,"gnumus:gnumus_horn":1,"minecraft:rabbit_hide":19,"minecraft:stone_pickaxe":1,"minecraft:cooked_chicken":2,"minecraft:iron_sword":1,"minecraft:dark_oak_stairs":20,"minecraft:flowering_azalea":5,"minecraft:oak_slab":3,"butcher:sheephead":1,"minecraft:milk_bucket":3,"minecraft:dark_oak_slab":7,"minecraft:birch_boat":1,"minecraft:pumpkin":17,"minecraft:sweet_berries":2,"minecraft:chiseled_stone_bricks":5,"minecraft:dandelion":73,"minecraft:raw_iron_block":4,"minecraft:dripstone_block":3,"minecraft:gravel":2,"goblins_tyranny:goblins_tyranny_guide":1,"refurbished_furniture:workbench":1,"butcher:frogsleg":2,"butcher:bloody_butchers_table":1,"minecraft:blast_furnace":1,"minecraft:white_bed":3,"minecraft:crying_obsidian":1,"minecraft:dark_oak_fence_gate":1,"minecraft:spruce_door":1,"minecraft:spider_eye":3,"minecraft:pumpkin_seeds":60,"farmersdelight:stuffed_potato":1,"minecraft:baked_potato":1,"minecraft:black_wool":1,"minecraft:coal":448,"butcher:bonebarrel":1,"minecraft:ender_pearl":1},"minecraft:crafted":{"minecraft:brick":144,"minecraft:oak_planks":516,"gnumus:grilled_juicy_meat":9,"minecraft:cobblestone_slab":6,"minecraft:barrel":9,"minecraft:dark_oak_boat":1,"minecraft:cooked_chicken":3,"farm_and_charm:mincer":1,"plenty_of_golems:golems_staff":1,"minecraft:stone":95,"displaydelight:food_plate":2,"minecraft:cooked_mutton":5,"minecraft:birch_fence_gate":2,"minecraft:chest":100,"minecraft:bricks":10,"astikorcarts:wheel":2,"minecraft:stone_hoe":2,"farm_and_charm:stove":1,"minecraft:cooked_rabbit":14,"refurbished_furniture:light_toaster":1,"minecraft:smoker":1,"minecraft:glass_bottle":6,"minecraft:oak_slab":36,"minecraft:item_frame":3,"minecraft:deepslate":32,"minecraft:wooden_shovel":1,"minecraft:crafting_table":7,"minecraft:spruce_planks":4,"farmersdelight:iron_knife":1,"minecraft:baked_potato":106,"minecraft:wooden_pickaxe":1,"farmersdelight:chicken_sandwich":5,"minecraft:red_wool":1,"minecraft:copper_ingot":5,"minecraft:birch_planks":236,"minecraft:campfire":3,"farmersdelight:cutting_board":1,"minecraft:dark_oak_slab":210,"minecraft:diamond_pickaxe":1,"minecraft:shield":5,"minecraft:stone_slab":14,"minecraft:stick":300,"minecraft:iron_ingot":131,"minecraft:iron_pickaxe":6,"minecraft:iron_block":1,"minecraft:gold_ingot":3,"butcher:butchers_knife":1,"farmersdelight:stuffed_potato":6,"alexsmobs:mosquito_larva":9,"minecraft:composter":3,"minecraft:dark_oak_fence_gate":2,"minecraft:shears":3,"minecraft:coal":9,"minecraft:stone_shovel":4,"minecraft:iron_nugget":9,"minecraft:furnace":8,"minecraft:piston":2,"farm_and_charm:pitchfork":1,"minecraft:bone_meal":21,"minecraft:oak_trapdoor":20,"minecraft:iron_axe":5,"minecraft:ladder":3,"minecraft:iron_hoe":1,"minecraft:stone_pickaxe":5,"backpacked:backpack":2,"minecraft:dark_oak_planks":908,"astikorcarts:supply_cart":1,"minecraft:cooked_beef":9,"minecraft:sugar":77,"paraglider:paraglider":2,"minecraft:dark_oak_stairs":20,"minecraft:iron_sword":1,"refurbished_furniture:light_range_hood":3,"alexsmobs:boiled_emu_egg":2,"farmersdelight:cooking_pot":1,"minecraft:bucket":2,"minecraft:stone_axe":3,"minecraft:bread":18,"minecraft:air":0,"minecraft:oak_fence_gate":2,"farm_and_charm:water_sprinkler":1,"minecraft:oak_stairs":44,"minecraft:iron_shovel":6,"minecraft:iron_leggings":1,"minecraft:stonecutter":1,"minecraft:white_bed":1,"minecraft:acacia_planks":48,"minecraft:torch":508,"alexsmobs:blood_sac":2},"minecraft:broken":{"minecraft:iron_shovel":4,"minecraft:stone_pickaxe":4,"minecraft:stone_axe":2,"minecraft:stone_shovel":2,"minecraft:stone_hoe":1,"minecraft:iron_axe":4,"minecraft:iron_pickaxe":3},"minecraft:killed":{"alexsmobs:lobster":1,"minecraft:spider":10,"minecraft:skeleton":20,"minecraft:chicken":2,"gnumus:pitcher_mousse":2,"minecraft:pig":2,"alexsmobs:grizzly_bear":1,"gnumus:big_snout":2,"goblins_tyranny:mini_goblin_2":1,"minecraft:sheep":7,"minecraft:trader_llama":4,"minecraft:zombie":27,"goblins_tyranny:mini_goblin_3":1,"recrafted_creatures:owl":1,"minecraft:cow":6,"alexsmobs:seagull":1,"minecraft:phantom":5,"goblins_tyranny:mini_goblin_1":2,"gnumus:gnumus_hunter":7,"alexsmobs:bison":3,"minecraft:drowned":8,"alexsmobs:flying_fish":2,"gnumus:gnumus_hunter_not_dispawn":1,"alexsmobs:potoo":1,"minecraft:rabbit":14,"minecraft:wandering_trader":4,"alexsmobs:gazelle":1,"alexsmobs:crow":1,"minecraft:villager":2,"minecraft:enderman":2},"minecraft:mined":{"minecraft:dark_oak_planks":37,"minecraft:spruce_planks":4,"minecraft:white_bed":2,"minecraft:farmland":51,"minecraft:obsidian":6,"minecraft:carved_pumpkin":17,"minecraft:spruce_trapdoor":11,"minecraft:granite":6,"minecraft:acacia_log":7,"minecraft:stone_brick_wall":2,"minecraft:grass_block":1280,"minecraft:dead_tube_coral_block":1,"minecraft:deepslate_bricks":1,"minecraft:coal_block":1,"minecraft:oak_wall_sign":1,"minecraft:chiseled_stone_bricks":5,"minecraft:tall_seagrass":1,"minecraft:raw_iron_block":4,"minecraft:magma_block":11,"minecraft:iron_ore":135,"minecraft:fire":5,"minecraft:pumpkin":17,"minecraft:moss_carpet":1,"minecraft:azure_bluet":1,"minecraft:dark_oak_stairs":20,"minecraft:cave_vines":1,"minecraft:oak_stairs":9,"butcher:bloody_butchers_table":1,"minecraft:azalea":2,"butcher:pig_corpse_skeleton":1,"minecraft:deepslate_redstone_ore":17,"lootr:lootr_chest":1,"minecraft:red_bed":1,"minecraft:smoker":1,"minecraft:powder_snow":1,"minecraft:clay":46,"minecraft:torch":10,"minecraft:blast_furnace":1,"minecraft:poppy":1,"minecraft:chest":13,"minecraft:mushroom_stem":5,"farmersdelight:cabbages":1,"minecraft:cobblestone":45,"minecraft:oak_planks":56,"minecraft:sugar_cane":52,"minecraft:wall_torch":11,"minecraft:seagrass":1,"butcher:butcherstable":1,"farmersdelight:sandy_shrub":1,"gnumus:gnumus_clay_block":1,"minecraft:dark_oak_slab":1,"minecraft:birch_log":24,"minecraft:wheat":86,"farmersdelight:cutting_board":2,"refurbished_furniture:light_electricity_generator":1,"minecraft:grass":855,"minecraft:oak_log":227,"butcher:brainjar":1,"minecraft:sand":150,"minecraft:dirt":110,"minecraft:red_mushroom_block":138,"minecraft:stonecutter":2,"minecraft:netherrack":3,"minecraft:piston":1,"minecraft:oak_leaves":148,"minecraft:deepslate":59,"minecraft:crying_obsidian":2,"minecraft:tuff":8,"minecraft:mossy_cobblestone":1,"minecraft:dark_oak_leaves":30,"minecraft:deepslate_diamond_ore":1,"farmersdelight:wild_carrots":14,"minecraft:dark_oak_log":234,"gravestone:gravestone":2,"minecraft:moss_block":16,"butcher:pighead":1,"farmersdelight:wild_onions":3,"butcher:hanging_sheep_corpse":2,"minecraft:redstone_ore":1,"minecraft:oak_trapdoor":4,"gnumus:scion_weed":2,"minecraft:furnace":6,"minecraft:carrots":66,"farm_and_charm:crafting_bowl":1,"minecraft:dark_oak_fence_gate":1,"minecraft:andesite":5,"minecraft:potatoes":57,"farm_and_charm:mincer":1,"minecraft:deepslate_iron_ore":55,"butcher:frogcutopen":1,"refurbished_furniture:light_range_hood":2,"minecraft:stripped_oak_log":3,"gnumus:fragile_gnumus_jug":4,"minecraft:warped_trapdoor":7,"minecraft:stone":590,"goblins_tyranny:alarm_horn":3,"minecraft:flowering_azalea":1,"minecraft:dandelion":31,"minecraft:oak_fence":101,"minecraft:crafting_table":8,"minecraft:cornflower":1,"minecraft:campfire":1,"minecraft:stone_slab":2,"minecraft:copper_ore":28,"minecraft:tall_grass":243,"minecraft:deepslate_coal_ore":10,"farmersdelight:wild_tomatoes":4,"minecraft:deepslate_gold_ore":10,"minecraft:lapis_ore":2,"minecraft:big_dripleaf":5,"displaydelight:plated_stuffed_potato":1,"refurbished_furniture:workbench":1,"farmersdelight:wild_beetroots":9,"minecraft:birch_leaves":1,"butcher:bonebarrel":1,"minecraft:coal_ore":410,"displaydelight:food_plate":2,"minecraft:gravel":2,"minecraft:cobweb":1,"minecraft:stone_bricks":8,"minecraft:polished_andesite":4,"minecraft:gold_ore":3,"minecraft:chipped_anvil":1,"paraglider:goddess_statue":1,"farm_and_charm:tool_rack":2},"minecraft:custom":{"lootr:looted_stat":74,"minecraft:animals_bred":2,"minecraft:interact_with_crafting_table":182,"minecraft:open_barrel":49,"minecraft:leave_game":31,"minecraft:time_since_death":1473615,"minecraft:sprint_one_cm":6105881,"minecraft:damage_blocked_by_shield":2385,"minecraft:drop":111,"minecraft:talked_to_villager":19,"minecraft:play_time":1605457,"minecraft:deaths":3,"minecraft:jump":10378,"minecraft:walk_on_water_one_cm":137137,"minecraft:interact_with_furnace":97,"minecraft:traded_with_villager":4,"minecraft:sleep_in_bed":16,"minecraft:damage_dealt":22529,"minecraft:crouch_one_cm":51910,"minecraft:interact_with_smoker":10,"minecraft:horse_one_cm":7970,"minecraft:interact_with_anvil":5,"minecraft:mob_kills":155,"minecraft:climb_one_cm":13763,"minecraft:walk_one_cm":3199326,"minecraft:sneak_time":30116,"minecraft:walk_under_water_one_cm":86029,"minecraft:boat_one_cm":35821,"minecraft:total_world_time":1605457,"minecraft:interact_with_stonecutter":18,"minecraft:time_since_rest":3080,"minecraft:damage_taken":5578,"minecraft:damage_absorbed":40,"minecraft:swim_one_cm":136481,"minecraft:fly_one_cm":1983834,"minecraft:open_chest":746,"minecraft:fall_one_cm":162428},"minecraft:used":{"minecraft:moss_block":1,"minecraft:moss_carpet":1,"refurbished_furniture:spruce_drawer":6,"minecraft:iron_shovel":1178,"minecraft:spruce_slab":16,"farmersdelight:cabbage_seeds":19,"minecraft:ladder":1,"farmersdelight:stove":3,"minecraft:chest":109,"minecraft:shield":79,"minecraft:stone":1,"astikorcarts:supply_cart":1,"displaydelight:food_plate":8,"farm_and_charm:crafting_bowl":4,"minecraft:carrot":246,"minecraft:allium":6,"minecraft:axolotl_bucket":2,"refurbished_furniture:spruce_kitchen_storage_cabinet":7,"minecraft:obsidian":7,"butcher:bonebarrel":1,"minecraft:lava_bucket":4,"minecraft:lantern":14,"alexsmobs:cooked_lobster_tail":2,"minecraft:birch_sapling":12,"butcher:pighead":1,"minecraft:dark_oak_slab":245,"minecraft:stone_bricks":116,"minecraft:item_frame":17,"farmersdelight:cutting_board":4,"minecraft:magma_block":1,"minecraft:dark_oak_boat":7,"minecraft:oak_sapling":18,"minecraft:furnace":16,"butcher:skeleton_pig_corpse":2,"butcher:bloodgratetank":10,"minecraft:potato":84,"gnumus:grilled_juicy_meat":7,"minecraft:seagrass":6,"refurbished_furniture:dark_oak_table":9,"minecraft:dark_oak_sapling":3,"minecraft:dark_oak_stairs":45,"minecraft:spruce_door":1,"minecraft:stone_pickaxe":560,"minecraft:oak_planks":193,"minecraft:wooden_pickaxe":16,"minecraft:composter":3,"minecraft:sugar_cane":17,"minecraft:sand":143,"farmersdelight:chicken_sandwich":2,"farm_and_charm:roaster":1,"minecraft:stone_brick_wall":10,"minecraft:shears":15,"refurbished_furniture:light_range_hood":5,"minecraft:birch_fence_gate":2,"minecraft:dark_oak_log":51,"minecraft:bread":52,"goblins_tyranny:alarm_horn":1,"minecraft:gravel":2,"minecraft:birch_log":6,"minecraft:cooked_rabbit":14,"minecraft:andesite":2,"minecraft:tropical_fish_bucket":2,"minecraft:bone_meal":6,"minecraft:oak_fence":133,"minecraft:oak_trapdoor":12,"minecraft:carved_pumpkin":14,"minecraft:stone_shovel":355,"minecraft:spruce_planks":4,"mysticsbiomes:cyan_egg":1,"minecraft:stone_hoe":152,"minecraft:netherrack":1,"minecraft:oak_door":2,"displaydelight:small_food_plate":3,"minecraft:torch":559,"minecraft:spyglass":3,"minecraft:dirt":3659,"farmersdelight:flint_knife":38,"butcher:sheep_corpse_item":2,"farm_and_charm:tool_rack":6,"minecraft:spruce_stairs":94,"minecraft:granite":2,"minecraft:oak_fence_gate":2,"special_drops:zombie_sword":330,"minecraft:chipped_anvil":1,"butcher:pestleandmortarblock":2,"minecraft:iron_hoe":208,"refurbished_furniture:recycle_bin":1,"minecraft:dark_oak_planks":144,"farmersdelight:oak_cabinet":1,"refurbished_furniture:dark_oak_desk":12,"farm_and_charm:mincer":7,"farm_and_charm:window_sill":1,"minecraft:iron_axe":1143,"minecraft:oak_stairs":95,"refurbished_furniture:light_toaster":1,"minecraft:barrel":9,"farmersdelight:cooking_pot":3,"farmersdelight:tomato_seeds":9,"minecraft:cooked_beef":3,"minecraft:cobbled_deepslate":26,"minecraft:pumpkin":2,"alexsmobs:boiled_emu_egg":1,"minecraft:wheat_seeds":151,"minecraft:cooked_mutton":13,"farmersdelight:iron_knife":6,"minecraft:water_bucket":191,"minecraft:birch_planks":59,"butcher:butchers_knife":2,"minecraft:baked_potato":99,"farmersdelight:dark_oak_cabinet":5,"minecraft:stonecutter":3,"minecraft:cobblestone_slab":6,"minecraft:deepslate_bricks":1,"minecraft:mossy_cobblestone":1,"farmersdelight:onion":5,"minecraft:crafting_table":14,"minecraft:campfire":2,"minecraft:oak_slab":3,"minecraft:red_bed":1,"minecraft:dark_oak_fence_gate":3,"minecraft:white_bed":4,"farm_and_charm:stove":1,"minecraft:painting":48,"minecraft:dark_oak_door":2,"minecraft:smoker":4,"minecraft:spruce_log":19,"minecraft:oak_log":118,"farmersdelight:apple_cider":2,"minecraft:apple":2,"minecraft:piston":3,"minecraft:diamond_pickaxe":10,"minecraft:cornflower":1,"minecraft:warped_trapdoor":3,"butcher:bloody_butchers_table":1,"farmersdelight:stuffed_potato":1,"minecraft:iron_pickaxe":945,"minecraft:stone_slab":4,"minecraft:spruce_trapdoor":17,"refurbished_furniture:light_electricity_generator":5,"butcher:butcherstable":5,"minecraft:stone_axe":222,"farm_and_charm:cooking_pot":1,"minecraft:chiseled_stone_bricks":34,"minecraft:cobblestone":275,"refurbished_furniture:workbench":2,"refurbished_furniture:dark_oak_chair":7,"minecraft:bucket":76,"alexsmobs:animal_dictionary":3,"minecraft:stripped_oak_log":68,"minecraft:dandelion":11},"minecraft:killed_by":{"alexsmobs:crocodile":2},"minecraft:dropped":{"minecraft:porkchop":3,"minecraft:moss_block":26,"minecraft:leather":4,"farmersdelight:stuffed_potato":2,"minecraft:red_mushroom":3,"minecraft:dirt":5,"gnumus:gnumus_claw":1,"minecraft:cornflower":2,"alexsmobs:flying_fish":1,"minecraft:seagrass":1,"backpacked:backpack":1,"gravestone:obituary":1,"minecraft:sand":1,"minecraft:iron_pickaxe":2,"gnumus:grilled_juicy_meat":1,"minecraft:bone":3,"minecraft:rotten_flesh":6,"minecraft:carrot":18,"gnumus:gnumus_doubloons":2,"minecraft:poppy":2,"minecraft:azalea":4,"minecraft:arrow":1,"minecraft:beef":2,"minecraft:crying_obsidian":1,"farmersdelight:tomato_seeds":4,"minecraft:bread":8,"minecraft:wheat_seeds":27,"butcher:butchers_knife":1,"minecraft:feather":2,"minecraft:lead":1,"alexsmobs:boiled_emu_egg":1,"minecraft:cobblestone":32,"special_drops:zombie_sword":1,"minecraft:oxeye_daisy":2,"minecraft:torch":31,"plenty_of_golems:golems_staff":1,"farmersdelight:bacon":6,"minecraft:flowering_azalea":5,"minecraft:string":3,"minecraft:moss_carpet":10,"minecraft:clay_ball":40,"minecraft:shears":1,"farmersdelight:chicken_sandwich":3,"butcher:sheep_corpse_item":1,"minecraft:big_dripleaf":13,"minecraft:shield":1,"minecraft:allium":5,"minecraft:spruce_trapdoor":2,"mysticsbiomes:milkweed":1,"minecraft:spider_eye":2,"gnumus:packaged_goods":1,"minecraft:birch_boat":1,"minecraft:bow":2,"minecraft:stone_pickaxe":1,"farmersdelight:apple_cider":3,"farmersdelight:ham":4}},"DataVersion":3465}