{"stats":{"minecraft:crafted":{"minecraft:brick":144,"minecraft:oak_planks":416,"gnumus:grilled_juicy_meat":9,"minecraft:cobblestone_slab":6,"minecraft:barrel":9,"minecraft:dark_oak_boat":1,"minecraft:cooked_chicken":3,"plenty_of_golems:golems_staff":1,"minecraft:stone":95,"displaydelight:food_plate":2,"minecraft:cooked_mutton":5,"minecraft:birch_fence_gate":2,"minecraft:chest":62,"astikorcarts:wheel":2,"minecraft:stone_hoe":2,"minecraft:cooked_rabbit":14,"minecraft:smoker":1,"minecraft:glass_bottle":6,"minecraft:oak_slab":36,"minecraft:deepslate":32,"minecraft:wooden_shovel":1,"minecraft:crafting_table":6,"farmersdelight:iron_knife":1,"minecraft:baked_potato":106,"minecraft:wooden_pickaxe":1,"farmersdelight:chicken_sandwich":5,"minecraft:red_wool":1,"minecraft:copper_ingot":5,"minecraft:birch_planks":236,"minecraft:campfire":2,"farmersdelight:cutting_board":1,"minecraft:dark_oak_slab":210,"minecraft:diamond_pickaxe":1,"minecraft:shield":2,"minecraft:stone_slab":14,"minecraft:stick":288,"minecraft:iron_ingot":131,"minecraft:iron_pickaxe":6,"minecraft:iron_block":1,"minecraft:gold_ingot":3,"butcher:butchers_knife":1,"farmersdelight:stuffed_potato":6,"alexsmobs:mosquito_larva":9,"minecraft:composter":3,"minecraft:dark_oak_fence_gate":2,"minecraft:shears":3,"minecraft:stone_shovel":4,"minecraft:furnace":8,"minecraft:piston":2,"minecraft:bone_meal":21,"minecraft:oak_trapdoor":20,"minecraft:iron_axe":4,"minecraft:iron_hoe":1,"minecraft:stone_pickaxe":5,"backpacked:backpack":2,"minecraft:dark_oak_planks":616,"astikorcarts:supply_cart":1,"minecraft:cooked_beef":9,"minecraft:sugar":77,"paraglider:paraglider":2,"minecraft:dark_oak_stairs":20,"minecraft:iron_sword":1,"alexsmobs:boiled_emu_egg":2,"farmersdelight:cooking_pot":1,"minecraft:bucket":2,"minecraft:stone_axe":3,"minecraft:bread":18,"minecraft:air":0,"minecraft:oak_fence_gate":2,"minecraft:oak_stairs":44,"minecraft:iron_shovel":4,"minecraft:iron_leggings":1,"minecraft:stonecutter":1,"minecraft:white_bed":1,"minecraft:acacia_planks":48,"minecraft:torch":508,"alexsmobs:blood_sac":2},"minecraft:custom":{"lootr:looted_stat":37,"minecraft:animals_bred":2,"minecraft:interact_with_crafting_table":162,"minecraft:open_barrel":34,"minecraft:leave_game":28,"minecraft:time_since_death":1135206,"minecraft:sprint_one_cm":5070576,"minecraft:damage_blocked_by_shield":2330,"minecraft:drop":100,"minecraft:talked_to_villager":12,"minecraft:play_time":1267048,"minecraft:deaths":3,"minecraft:jump":9236,"minecraft:walk_on_water_one_cm":88035,"minecraft:interact_with_furnace":95,"minecraft:traded_with_villager":4,"minecraft:sleep_in_bed":15,"minecraft:damage_dealt":21589,"minecraft:crouch_one_cm":43318,"minecraft:interact_with_smoker":10,"minecraft:horse_one_cm":7970,"minecraft:interact_with_anvil":5,"minecraft:mob_kills":150,"minecraft:climb_one_cm":6128,"minecraft:walk_one_cm":2380097,"minecraft:sneak_time":24728,"minecraft:walk_under_water_one_cm":56455,"minecraft:boat_one_cm":35821,"minecraft:total_world_time":1267048,"minecraft:interact_with_stonecutter":18,"minecraft:time_since_rest":849,"minecraft:damage_taken":5537,"minecraft:damage_absorbed":40,"minecraft:swim_one_cm":121897,"minecraft:fly_one_cm":1580565,"minecraft:open_chest":624,"minecraft:fall_one_cm":157356},"minecraft:dropped":{"minecraft:porkchop":3,"minecraft:moss_block":26,"minecraft:leather":4,"farmersdelight:stuffed_potato":2,"minecraft:red_mushroom":3,"minecraft:dirt":5,"gnumus:gnumus_claw":1,"minecraft:cornflower":2,"alexsmobs:flying_fish":1,"minecraft:seagrass":1,"gravestone:obituary":1,"minecraft:sand":1,"minecraft:iron_pickaxe":2,"gnumus:grilled_juicy_meat":1,"minecraft:bone":3,"minecraft:rotten_flesh":6,"minecraft:carrot":18,"gnumus:gnumus_doubloons":2,"minecraft:poppy":2,"minecraft:azalea":4,"minecraft:beef":2,"minecraft:crying_obsidian":1,"farmersdelight:tomato_seeds":4,"minecraft:bread":8,"minecraft:wheat_seeds":27,"minecraft:feather":2,"alexsmobs:boiled_emu_egg":1,"minecraft:lead":1,"minecraft:cobblestone":32,"special_drops:zombie_sword":1,"minecraft:oxeye_daisy":2,"minecraft:torch":31,"plenty_of_golems:golems_staff":1,"minecraft:flowering_azalea":5,"minecraft:string":3,"minecraft:moss_carpet":10,"minecraft:clay_ball":40,"minecraft:shears":1,"farmersdelight:chicken_sandwich":3,"butcher:sheep_corpse_item":1,"minecraft:big_dripleaf":13,"minecraft:shield":1,"minecraft:allium":5,"minecraft:spruce_trapdoor":2,"mysticsbiomes:milkweed":1,"gnumus:packaged_goods":1,"minecraft:spider_eye":2,"minecraft:birch_boat":1,"minecraft:bow":1,"minecraft:stone_pickaxe":1,"farmersdelight:apple_cider":3},"minecraft:mined":{"minecraft:dark_oak_planks":29,"minecraft:white_bed":2,"minecraft:farmland":51,"minecraft:spruce_trapdoor":8,"minecraft:obsidian":6,"minecraft:carved_pumpkin":17,"minecraft:granite":6,"minecraft:acacia_log":7,"minecraft:grass_block":1276,"minecraft:dead_tube_coral_block":1,"minecraft:deepslate_bricks":1,"minecraft:oak_wall_sign":1,"minecraft:chiseled_stone_bricks":5,"minecraft:tall_seagrass":1,"minecraft:raw_iron_block":4,"minecraft:magma_block":11,"minecraft:iron_ore":128,"minecraft:fire":5,"minecraft:pumpkin":17,"minecraft:moss_carpet":1,"minecraft:azure_bluet":1,"minecraft:dark_oak_stairs":17,"minecraft:cave_vines":1,"minecraft:oak_stairs":9,"minecraft:azalea":2,"minecraft:deepslate_redstone_ore":17,"minecraft:red_bed":1,"minecraft:smoker":1,"minecraft:powder_snow":1,"minecraft:clay":46,"minecraft:torch":8,"minecraft:poppy":1,"minecraft:chest":11,"minecraft:mushroom_stem":5,"farmersdelight:cabbages":1,"minecraft:cobblestone":45,"minecraft:oak_planks":56,"minecraft:sugar_cane":52,"minecraft:wall_torch":10,"minecraft:seagrass":1,"farmersdelight:sandy_shrub":1,"gnumus:gnumus_clay_block":1,"minecraft:dark_oak_slab":1,"minecraft:birch_log":24,"farmersdelight:cutting_board":1,"minecraft:wheat":86,"minecraft:grass":854,"minecraft:oak_log":197,"minecraft:sand":150,"minecraft:dirt":110,"minecraft:red_mushroom_block":138,"minecraft:stonecutter":2,"minecraft:netherrack":3,"minecraft:piston":1,"minecraft:oak_leaves":148,"minecraft:deepslate":59,"minecraft:crying_obsidian":2,"minecraft:tuff":8,"minecraft:dark_oak_leaves":30,"minecraft:deepslate_diamond_ore":1,"farmersdelight:wild_carrots":14,"minecraft:dark_oak_log":158,"gravestone:gravestone":2,"minecraft:moss_block":16,"farmersdelight:wild_onions":3,"butcher:hanging_sheep_corpse":1,"minecraft:redstone_ore":1,"minecraft:oak_trapdoor":4,"gnumus:scion_weed":2,"minecraft:furnace":6,"minecraft:carrots":66,"minecraft:dark_oak_fence_gate":1,"minecraft:andesite":3,"minecraft:potatoes":57,"minecraft:deepslate_iron_ore":55,"minecraft:stripped_oak_log":3,"gnumus:fragile_gnumus_jug":4,"minecraft:warped_trapdoor":7,"minecraft:stone":581,"goblins_tyranny:alarm_horn":3,"minecraft:flowering_azalea":1,"minecraft:dandelion":31,"minecraft:oak_fence":101,"minecraft:crafting_table":7,"minecraft:cornflower":1,"minecraft:campfire":1,"minecraft:stone_slab":2,"minecraft:tall_grass":243,"minecraft:copper_ore":28,"minecraft:deepslate_coal_ore":10,"farmersdelight:wild_tomatoes":4,"minecraft:deepslate_gold_ore":10,"minecraft:lapis_ore":2,"minecraft:big_dripleaf":5,"displaydelight:plated_stuffed_potato":1,"farmersdelight:wild_beetroots":9,"minecraft:birch_leaves":1,"minecraft:coal_ore":394,"displaydelight:food_plate":2,"minecraft:gravel":2,"minecraft:stone_bricks":6,"minecraft:chipped_anvil":1,"minecraft:gold_ore":3,"paraglider:goddess_statue":1},"minecraft:picked_up":{"minecraft:seagrass":12,"minecraft:wheat":68,"displaydelight:food_plate":3,"minecraft:lead":5,"gnumus:gnumus_claw":13,"minecraft:stone_slab":4,"minecraft:oak_stairs":6,"farmersdelight:cutting_board":1,"paraglider:goddess_statue":1,"minecraft:string":9,"minecraft:dead_tube_coral_block":1,"minecraft:raw_copper":95,"minecraft:oak_sign":4,"minecraft:beetroot":2,"minecraft:cobbled_deepslate":65,"minecraft:bucket":1,"farmersdelight:cabbage":7,"gnumus:packaged_goods":1,"minecraft:red_dye":2,"minecraft:azalea":4,"farmersdelight:cabbage_seeds":34,"minecraft:furnace":7,"minecraft:stick":112,"special_drops:zombie_sword":2,"minecraft:big_dripleaf":13,"minecraft:oak_fence":161,"minecraft:torch":62,"minecraft:acacia_log":8,"minecraft:porkchop":5,"minecraft:rabbit_foot":2,"plenty_of_golems:golems_staff":1,"gnumus:vintage_metal":1,"minecraft:rotten_flesh":32,"minecraft:tropical_fish":1,"farmersdelight:onion":3,"alexsdelight:raw_bison":9,"minecraft:carved_pumpkin":17,"gnumus:gnumus_chickpeas":7,"alexsmobs:emu_egg":5,"minecraft:obsidian":6,"alexsmobs:flying_fish":14,"alexsmobs:lobster_tail":1,"minecraft:cobblestone":615,"minecraft:birch_log":86,"minecraft:magma_block":10,"gnumus:gnumus_doubloons":6,"minecraft:feather":4,"minecraft:andesite":2,"gnumus:overripe_carrot":15,"minecraft:dark_oak_boat":7,"minecraft:smoker":1,"minecraft:potato":211,"alexsmobs:bear_fur":1,"alexsmobs:bison_fur":4,"minecraft:tuff":6,"minecraft:warped_trapdoor":7,"minecraft:lapis_lazuli":11,"farmersdelight:chicken_sandwich":1,"farmersdelight:tomato":7,"minecraft:dirt":1454,"minecraft:lantern":2,"gnumus:gnumus_pouch_2":4,"minecraft:bone":17,"minecraft:chipped_anvil":1,"minecraft:stonecutter":2,"minecraft:bow":1,"minecraft:wheat_seeds":353,"goblins_tyranny:alarm_horn":2,"minecraft:raw_gold":14,"minecraft:rabbit":18,"minecraft:moss_block":29,"minecraft:oak_planks":59,"patchouli:guide_book":1,"minecraft:sand":151,"mysticsbiomes:orange_egg":1,"minecraft:dark_oak_log":158,"alexsmobs:animal_dictionary":1,"minecraft:diamond":1,"gnumus:gnumus_clay":24,"minecraft:granite":3,"minecraft:bone_meal":2,"minecraft:golden_apple":1,"minecraft:spruce_sign":10,"minecraft:bread":1,"minecraft:oak_sapling":20,"minecraft:netherrack":3,"minecraft:charcoal":2,"minecraft:crafting_table":8,"minecraft:allium":12,"minecraft:azure_bluet":2,"minecraft:chicken":6,"minecraft:clay_ball":239,"minecraft:turtle_helmet":1,"minecraft:wooden_pickaxe":1,"minecraft:brick":64,"minecraft:cornflower":3,"minecraft:oak_trapdoor":4,"minecraft:red_bed":1,"minecraft:moss_carpet":11,"mysticsbiomes:milkweed":1,"minecraft:item_frame":3,"minecraft:beef":11,"minecraft:poppy":3,"alexsmobs:cooked_lobster_tail":1,"minecraft:sugar_cane":70,"minecraft:chest":12,"minecraft:birch_sapling":12,"minecraft:piston":1,"minecraft:spruce_trapdoor":8,"minecraft:phantom_membrane":3,"minecraft:egg":5,"minecraft:dark_oak_sapling":2,"minecraft:raw_iron":196,"gnumus:juicy_meat":9,"minecraft:copper_ingot":1,"butcher:sheep_corpse_item":3,"farmersdelight:tomato_seeds":4,"minecraft:carrot":263,"minecraft:redstone":84,"minecraft:dark_oak_planks":80,"mysticsbiomes:cyan_egg":1,"minecraft:arrow":13,"minecraft:beetroot_seeds":9,"minecraft:deepslate_bricks":1,"gnumus:mouse_skin":8,"minecraft:mutton":9,"minecraft:white_wool":6,"minecraft:oxeye_daisy":2,"minecraft:stripped_oak_log":3,"minecraft:golden_carrot":2,"minecraft:leather":19,"minecraft:red_mushroom":45,"gnumus:gnumus_pouch":5,"minecraft:oak_log":200,"minecraft:gunpowder":2,"mysticsbiomes:purple_egg":2,"minecraft:cooked_mutton":8,"minecraft:apple":3,"minecraft:stone_bricks":6,"gnumus:gnumus_horn":1,"minecraft:rabbit_hide":19,"minecraft:stone_pickaxe":1,"minecraft:cooked_chicken":2,"minecraft:dark_oak_stairs":17,"minecraft:flowering_azalea":5,"minecraft:oak_slab":3,"minecraft:dark_oak_slab":7,"minecraft:milk_bucket":3,"minecraft:birch_boat":1,"minecraft:pumpkin":17,"minecraft:sweet_berries":2,"minecraft:chiseled_stone_bricks":5,"minecraft:dandelion":68,"minecraft:raw_iron_block":4,"minecraft:dripstone_block":3,"minecraft:gravel":2,"goblins_tyranny:goblins_tyranny_guide":1,"minecraft:white_bed":3,"minecraft:crying_obsidian":1,"minecraft:dark_oak_fence_gate":1,"minecraft:spider_eye":3,"minecraft:pumpkin_seeds":60,"farmersdelight:stuffed_potato":1,"minecraft:baked_potato":1,"minecraft:black_wool":1,"minecraft:coal":432,"minecraft:ender_pearl":1},"minecraft:used":{"minecraft:moss_block":1,"minecraft:moss_carpet":1,"minecraft:iron_shovel":1059,"farmersdelight:cabbage_seeds":19,"minecraft:chest":72,"minecraft:shield":77,"astikorcarts:supply_cart":1,"displaydelight:food_plate":5,"minecraft:carrot":246,"minecraft:allium":6,"minecraft:axolotl_bucket":2,"minecraft:obsidian":7,"minecraft:lava_bucket":4,"minecraft:lantern":2,"alexsmobs:cooked_lobster_tail":2,"minecraft:birch_sapling":12,"minecraft:dark_oak_slab":140,"minecraft:stone_bricks":56,"minecraft:item_frame":1,"farmersdelight:cutting_board":1,"minecraft:magma_block":1,"minecraft:dark_oak_boat":7,"minecraft:furnace":13,"minecraft:oak_sapling":18,"minecraft:potato":84,"gnumus:grilled_juicy_meat":7,"minecraft:seagrass":6,"minecraft:dark_oak_sapling":2,"minecraft:dark_oak_stairs":26,"minecraft:stone_pickaxe":560,"minecraft:oak_planks":120,"minecraft:wooden_pickaxe":16,"minecraft:composter":3,"minecraft:sugar_cane":17,"minecraft:sand":143,"farmersdelight:chicken_sandwich":2,"minecraft:shears":15,"minecraft:birch_fence_gate":2,"minecraft:bread":25,"goblins_tyranny:alarm_horn":1,"minecraft:gravel":2,"minecraft:cooked_rabbit":14,"minecraft:birch_log":6,"minecraft:tropical_fish_bucket":2,"minecraft:bone_meal":6,"minecraft:oak_trapdoor":12,"minecraft:oak_fence":130,"minecraft:carved_pumpkin":14,"minecraft:stone_shovel":355,"minecraft:stone_hoe":152,"minecraft:netherrack":1,"minecraft:torch":470,"minecraft:dirt":1135,"farmersdelight:flint_knife":38,"butcher:sheep_corpse_item":1,"minecraft:granite":2,"minecraft:oak_fence_gate":2,"special_drops:zombie_sword":312,"minecraft:iron_hoe":208,"minecraft:dark_oak_planks":127,"minecraft:chipped_anvil":1,"minecraft:iron_axe":1015,"minecraft:oak_stairs":49,"minecraft:barrel":9,"farmersdelight:cooking_pot":1,"minecraft:cooked_beef":3,"farmersdelight:tomato_seeds":9,"minecraft:cobbled_deepslate":26,"minecraft:pumpkin":2,"alexsmobs:boiled_emu_egg":1,"minecraft:wheat_seeds":151,"minecraft:cooked_mutton":13,"farmersdelight:iron_knife":6,"minecraft:water_bucket":33,"minecraft:birch_planks":59,"butcher:butchers_knife":2,"minecraft:baked_potato":99,"minecraft:stonecutter":3,"minecraft:cobblestone_slab":6,"minecraft:deepslate_bricks":1,"farmersdelight:onion":5,"minecraft:crafting_table":11,"minecraft:campfire":2,"minecraft:oak_slab":3,"minecraft:red_bed":1,"minecraft:dark_oak_fence_gate":3,"minecraft:white_bed":4,"minecraft:smoker":2,"minecraft:oak_log":59,"farmersdelight:apple_cider":2,"minecraft:apple":2,"minecraft:piston":3,"minecraft:diamond_pickaxe":10,"minecraft:cornflower":1,"minecraft:warped_trapdoor":3,"farmersdelight:stuffed_potato":1,"minecraft:iron_pickaxe":891,"minecraft:stone_slab":4,"minecraft:spruce_trapdoor":6,"minecraft:stone_axe":222,"minecraft:chiseled_stone_bricks":33,"minecraft:cobblestone":274,"minecraft:bucket":43,"alexsmobs:animal_dictionary":3,"minecraft:stripped_oak_log":3,"minecraft:dandelion":11},"minecraft:broken":{"minecraft:iron_shovel":4,"minecraft:stone_pickaxe":4,"minecraft:stone_axe":2,"minecraft:stone_shovel":2,"minecraft:stone_hoe":1,"minecraft:iron_axe":3,"minecraft:iron_pickaxe":3},"minecraft:killed_by":{"alexsmobs:crocodile":2},"minecraft:killed":{"alexsmobs:lobster":1,"minecraft:spider":10,"minecraft:skeleton":18,"minecraft:chicken":2,"gnumus:pitcher_mousse":1,"minecraft:pig":2,"alexsmobs:grizzly_bear":1,"gnumus:big_snout":2,"goblins_tyranny:mini_goblin_2":1,"minecraft:sheep":7,"minecraft:trader_llama":4,"minecraft:zombie":27,"goblins_tyranny:mini_goblin_3":1,"recrafted_creatures:owl":1,"minecraft:cow":6,"alexsmobs:seagull":1,"minecraft:phantom":5,"goblins_tyranny:mini_goblin_1":2,"gnumus:gnumus_hunter":7,"alexsmobs:bison":3,"minecraft:drowned":8,"alexsmobs:flying_fish":2,"gnumus:gnumus_hunter_not_dispawn":1,"alexsmobs:potoo":1,"minecraft:rabbit":14,"minecraft:wandering_trader":4,"alexsmobs:gazelle":1,"alexsmobs:crow":1,"minecraft:enderman":2}},"DataVersion":3465}