{"stats":{"minecraft:broken":{"minecraft:iron_axe":4,"minecraft:iron_pickaxe":1},"minecraft:mined":{"minecraft:dark_oak_planks":4,"butcher:villagercorpse":1,"minecraft:spruce_planks":5,"minecraft:white_bed":3,"minecraft:andesite_stairs":1,"minecraft:cherry_log":77,"minecraft:jungle_leaves":1,"minecraft:granite":2,"minecraft:acacia_log":6,"minecraft:grass_block":171,"minecraft:jungle_log":8,"minecraft:oxeye_daisy":5,"minecraft:tall_seagrass":134,"minecraft:iron_ore":45,"minecraft:fire":2,"goblins_tyranny:coin_barrel":1,"minecraft:pumpkin":2,"minecraft:moss_carpet":2,"minecraft:deepslate_lapis_ore":27,"minecraft:azure_bluet":5,"minecraft:potted_dandelion":1,"butcher:skinned_hanging_cow":1,"minecraft:iron_bars":2,"minecraft:birch_wall_sign":1,"minecraft:pink_tulip":5,"farmersdelight:wild_potatoes":1,"minecraft:spruce_slab":5,"butcher:pig_corpse_skeleton":1,"vinery:jungle_grape_bush_red":4,"minecraft:deepslate_redstone_ore":12,"minecraft:kelp_plant":3,"minecraft:clay":4,"minecraft:torch":24,"minecraft:dark_oak_wood":16,"minecraft:poppy":5,"minecraft:melon":12,"minecraft:mushroom_stem":55,"farmersdelight:cabbages":37,"minecraft:cobblestone":3,"minecraft:sugar_cane":38,"minecraft:oak_planks":4,"minecraft:wall_torch":3,"minecraft:pink_petals":22,"minecraft:seagrass":72,"farmersdelight:sandy_shrub":1,"minecraft:dark_oak_slab":2,"farm_and_charm:wild_onions":4,"minecraft:birch_log":130,"minecraft:wheat":125,"minecraft:grass":343,"minecraft:oak_log":32,"goblins_tyranny:coins_2":1,"minecraft:sand":15,"minecraft:dirt":30,"minecraft:red_mushroom_block":445,"minecraft:oak_leaves":112,"minecraft:deepslate":65,"minecraft:tuff":39,"farmersdelight:onions":12,"minecraft:dark_oak_leaves":48,"minecraft:deepslate_diamond_ore":2,"goblins_tyranny:coins_4":1,"minecraft:cherry_sapling":14,"mysticsbiomes:strawberry_log":98,"goblins_tyranny:liquor_bottles_3":1,"gravestone:gravestone":1,"minecraft:dark_oak_fence":2,"minecraft:allium":7,"minecraft:decorated_pot":1,"minecraft:brown_mushroom_block":25,"mysticsbiomes:strawberry_blossoms":187,"farmersdelight:wild_cabbages":13,"minecraft:moss_block":2,"minecraft:kelp":5,"farmersdelight:wild_onions":7,"minecraft:redstone_ore":3,"gnumus:scion_weed":6,"minecraft:furnace":2,"minecraft:carrots":31,"minecraft:raw_gold_block":5,"minecraft:dark_oak_fence_gate":3,"minecraft:andesite":3,"minecraft:peony":1,"goblins_tyranny:mugs_2":1,"minecraft:potted_cherry_sapling":1,"minecraft:bookshelf":6,"farm_and_charm:mincer":4,"minecraft:potatoes":23,"minecraft:deepslate_iron_ore":54,"minecraft:vine":1,"minecraft:lantern":2,"gnumus:fragile_gnumus_jug":15,"farm_and_charm:silo_wood":2,"minecraft:white_tulip":4,"minecraft:stone":30,"goblins_tyranny:alarm_horn":1,"minecraft:acacia_leaves":1,"mysticsbiomes:sea_oats":1,"minecraft:dandelion":6,"minecraft:oak_fence":21,"minecraft:crafting_table":1,"minecraft:cornflower":6,"minecraft:rose_bush":1,"minecraft:tall_grass":19,"farmersdelight:wild_tomatoes":10,"minecraft:deepslate_gold_ore":27,"minecraft:lapis_ore":4,"butcher:drained_hanging_cow":1,"minecraft:birch_leaves":23,"farm_and_charm:wild_ribwort":3,"minecraft:coal_ore":33,"minecraft:dark_oak_sign":2,"minecraft:cherry_leaves":113,"vinery:jungle_grape_bush_white":2,"minecraft:sunflower":3,"minecraft:gravel":7,"minecraft:cobweb":2,"mysticsbiomes:strawberry_bush":7,"minecraft:birch_sign":1,"mysticsbiomes:milkweed":1,"minecraft:stone_bricks":19,"minecraft:small_dripleaf":1,"minecraft:gold_ore":8,"minecraft:fern":1},"minecraft:custom":{"lootr:looted_stat":61,"minecraft:animals_bred":13,"minecraft:interact_with_crafting_table":77,"minecraft:open_barrel":20,"minecraft:bell_ring":3,"minecraft:leave_game":12,"minecraft:time_since_death":641075,"minecraft:sprint_one_cm":708861,"minecraft:damage_blocked_by_shield":255,"minecraft:drop":160,"minecraft:talked_to_villager":11,"minecraft:play_time":969575,"minecraft:deaths":1,"minecraft:jump":5407,"minecraft:walk_on_water_one_cm":141132,"minecraft:interact_with_furnace":77,"minecraft:sleep_in_bed":9,"minecraft:damage_dealt":9418,"minecraft:crouch_one_cm":2251,"minecraft:interact_with_smoker":40,"minecraft:horse_one_cm":8698,"minecraft:mob_kills":63,"minecraft:climb_one_cm":14108,"minecraft:walk_one_cm":2866974,"minecraft:sneak_time":1447,"minecraft:walk_under_water_one_cm":146887,"minecraft:boat_one_cm":166809,"astikorcarts:cart_one_cm":130548,"minecraft:total_world_time":969575,"minecraft:pot_flower":10,"minecraft:interact_with_stonecutter":3,"minecraft:time_since_rest":243571,"minecraft:damage_taken":2365,"minecraft:swim_one_cm":112468,"minecraft:fly_one_cm":484228,"minecraft:open_chest":328,"minecraft:fall_one_cm":62104},"minecraft:dropped":{"farmersdelight:iron_knife":1,"minecraft:iron_sword":1,"minecraft:birch_planks":2,"minecraft:oak_log":2,"minecraft:crafting_table":1,"vinery:jungle_grape_seeds_white":5,"minecraft:leather":19,"minecraft:cod":6,"minecraft:dirt":3,"gnumus:gnumus_claw":2,"minecraft:mutton":4,"alexsmobs:flying_fish":7,"minecraft:seagrass":11,"farmersdelight:onion":11,"minecraft:sand":8,"minecraft:iron_pickaxe":3,"minecraft:gravel":5,"minecraft:cooked_chicken":2,"farmersdelight:cabbage":6,"minecraft:rotten_flesh":18,"minecraft:oak_planks":3,"minecraft:cooked_mutton":8,"minecraft:white_bed":1,"minecraft:carrot":12,"minecraft:poppy":1,"minecraft:turtle_helmet":1,"gnumus:gnumus_horn":1,"farm_and_charm:corn":2,"butcher:pighead":1,"minecraft:bread":1,"minecraft:wheat_seeds":2,"butcher:villager_meat":1,"minecraft:feather":2,"minecraft:oak_fence":46,"minecraft:cobblestone":4,"minecraft:lead":2,"special_drops:zombie_sword":1,"minecraft:granite":2,"vinery:jungle_grape_seeds_red":9,"minecraft:golden_apple":1,"minecraft:stick":56,"minecraft:oxeye_daisy":1,"minecraft:milk_bucket":3,"minecraft:golden_carrot":3,"minecraft:ink_sac":1,"alexsmobs:cooked_lobster_tail":1,"plenty_of_golems:golems_staff":2,"farm_and_charm:onion":16,"minecraft:iron_axe":1,"minecraft:red_dye":2,"minecraft:paper":2,"minecraft:string":2,"minecraft:bucket":1,"minecraft:dandelion":1,"minecraft:kelp":10,"minecraft:tuff":2,"farmersdelight:cabbage_seeds":32,"minecraft:allium":7,"gnumus:gnumus_chickpeas":1,"minecraft:oak_sapling":3,"mysticsbiomes:milkweed":1},"minecraft:used":{"minecraft:moss_block":2,"minecraft:cherry_sapling":52,"minecraft:iron_shovel":142,"farmersdelight:cabbage_seeds":52,"minecraft:chest":2,"minecraft:shield":9,"farmersdelight:cabbage":3,"minecraft:iron_sword":255,"minecraft:carrot":61,"minecraft:azure_bluet":4,"minecraft:jungle_sapling":2,"minecraft:lava_bucket":2,"farmersdelight:tomato":1,"minecraft:birch_sapling":9,"farmersdelight:rotten_tomato":3,"minecraft:stone_bricks":10,"minecraft:item_frame":8,"mysticsbiomes:strawberry_sapling":9,"refurbished_furniture:birch_drawer":1,"minecraft:sweet_berries":4,"minecraft:oak_sapling":4,"minecraft:beetroot_seeds":9,"minecraft:potato":43,"minecraft:seagrass":15,"gnumus:grilled_juicy_meat":1,"minecraft:dark_oak_sapling":1,"goblins_tyranny:goblins_tyranny_guide":6,"minecraft:dark_oak_sign":2,"minecraft:sugar_cane":7,"minecraft:oak_leaves":2,"minecraft:sand":1,"farmersdelight:chicken_sandwich":3,"farm_and_charm:silo_wood":2,"minecraft:shears":277,"minecraft:crying_obsidian":2,"minecraft:bread":31,"goblins_tyranny:alarm_horn":2,"butcher:skinned_cow_corpse_item":2,"minecraft:cooked_rabbit":3,"minecraft:birch_log":5,"minecraft:bone_meal":45,"minecraft:oak_fence":61,"minecraft:stone_hoe":75,"minecraft:cooked_chicken":1,"minecraft:torch":84,"minecraft:dirt":108,"minecraft:spyglass":10,"butcher:sheep_corpse_item":3,"butcher:cowcorpseitem":1,"minecraft:dark_oak_planks":2,"farm_and_charm:mincer":4,"minecraft:iron_axe":1209,"minecraft:cherry_trapdoor":28,"minecraft:cooked_beef":2,"farmersdelight:tomato_seeds":17,"minecraft:cobbled_deepslate":11,"alexsmobs:boiled_emu_egg":1,"butcher:villager_corpse_item":2,"minecraft:wheat_seeds":164,"farmersdelight:iron_knife":238,"minecraft:water_bucket":5,"minecraft:birch_planks":23,"butcher:butchers_knife":36,"minecraft:birch_boat":6,"minecraft:cherry_planks":4,"farmersdelight:onion":34,"minecraft:birch_sign":4,"minecraft:white_bed":3,"goblins_tyranny:goat_hide":1,"minecraft:flower_pot":2,"farmersdelight:apple_cider":2,"farmersdelight:stuffed_potato":2,"minecraft:iron_pickaxe":412,"minecraft:pink_petals":48,"minecraft:cobblestone":7,"minecraft:cooked_porkchop":2,"minecraft:bucket":8,"alexsmobs:animal_dictionary":9,"minecraft:dandelion":1},"minecraft:killed_by":{"minecraft:enderman":1},"minecraft:crafted":{"minecraft:brick":33,"refurbished_furniture:birch_drawer":1,"minecraft:oak_planks":160,"gnumus:grilled_juicy_meat":8,"minecraft:birch_boat":1,"minecraft:cooked_chicken":6,"minecraft:stone":118,"farm_and_charm:kernels":3,"minecraft:cooked_mutton":20,"minecraft:glass":56,"minecraft:iron_boots":1,"minecraft:chest":1,"minecraft:stone_bricks":17,"minecraft:oak_fence":86,"minecraft:cooked_rabbit":5,"minecraft:flower_pot":2,"farm_and_charm:silo_wood":2,"minecraft:turtle_helmet":2,"farmersdelight:tomato_seeds":14,"minecraft:item_frame":38,"minecraft:cooked_porkchop":3,"farmersdelight:iron_knife":1,"farmersdelight:smoked_ham":8,"minecraft:birch_planks":236,"farmersdelight:beef_patty":4,"minecraft:stone_brick_stairs":12,"minecraft:iron_chestplate":1,"minecraft:charcoal":49,"minecraft:stick":460,"minecraft:iron_ingot":177,"minecraft:iron_pickaxe":1,"farmersdelight:cooked_bacon":17,"minecraft:gold_ingot":43,"minecraft:shears":1,"minecraft:cherry_planks":120,"minecraft:dark_oak_sign":3,"minecraft:bone_meal":18,"mysticsbiomes:strawberry_trapdoor":42,"minecraft:flint_and_steel":1,"minecraft:cherry_trapdoor":38,"alexsdelight:cooked_bison":9,"minecraft:iron_axe":5,"minecraft:birch_sign":3,"minecraft:cooked_beef":4,"minecraft:red_dye":2,"farmersdelight:cooked_mutton_chops":12,"mysticsbiomes:strawberry_planks":388,"alexsmobs:cooked_lobster_tail":2,"minecraft:iron_sword":2,"alexsmobs:boiled_emu_egg":8,"minecraft:cooked_salmon":1,"minecraft:bucket":6,"minecraft:bread":21,"minecraft:air":0,"mysticsbiomes:strawberry_fence":66,"minecraft:iron_shovel":2,"minecraft:white_bed":1,"minecraft:acacia_planks":4,"minecraft:torch":44},"minecraft:killed":{"alexsmobs:lobster":1,"minecraft:spider":2,"mysticsbiomes:rainbow_chicken":3,"minecraft:skeleton":3,"minecraft:chicken":3,"gnumus:pitcher_mousse":2,"minecraft:turtle":1,"gnumus:gnumus_shaman":1,"minecraft:zombie_villager":1,"minecraft:salmon":1,"gnumus:big_snout":1,"minecraft:sheep":11,"minecraft:trader_llama":1,"minecraft:zombie":11,"minecraft:cow":7,"minecraft:phantom":1,"gnumus:gnumus_worker":3,"gnumus:gnumus_hunter":1,"minecraft:drowned":2,"alexsmobs:flying_fish":3,"gnumus:gnumus_hunter_not_dispawn":1,"mysticsbiomes:strawberry_cow":1,"alexsmobs:gazelle":1,"minecraft:villager":1},"minecraft:picked_up":{"minecraft:seagrass":75,"minecraft:wheat":117,"minecraft:flower_pot":3,"minecraft:lead":3,"gnumus:gnumus_claw":12,"goblins_tyranny:mug":2,"butcher:cowcorpseitem":1,"mysticsbiomes:strawberry_blossoms":119,"alexsmobs:gazelle_horn":1,"minecraft:string":10,"farm_and_charm:mincer":4,"minecraft:cobbled_deepslate":60,"farmersdelight:cabbage":35,"minecraft:spruce_planks":2,"gnumus:packaged_goods":2,"minecraft:white_tulip":4,"minecraft:rose_bush":1,"minecraft:azalea":1,"minecraft:iron_pickaxe":5,"minecraft:melon_slice":57,"butcher:skinned_cow_corpse_item":2,"farmersdelight:cabbage_seeds":102,"vinery:jungle_grape_seeds_white":5,"minecraft:furnace":2,"minecraft:stick":26,"special_drops:zombie_sword":1,"farmersdelight:rotten_tomato":3,"minecraft:oak_fence":25,"minecraft:torch":25,"minecraft:acacia_log":5,"mysticsbiomes:lime_egg":1,"minecraft:cherry_log":76,"gnumus:grilled_juicy_meat":1,"minecraft:brown_carpet":3,"plenty_of_golems:golems_staff":2,"minecraft:rotten_flesh":10,"farmersdelight:onion":51,"alexsmobs:boiled_emu_egg":1,"mysticsbiomes:pink_egg":1,"gnumus:gnumus_chickpeas":14,"alexsmobs:emu_egg":5,"farm_and_charm:corn":3,"mysticsbiomes:strawberry_sapling":9,"minecraft:iron_bars":2,"minecraft:cod":10,"alexsmobs:flying_fish":5,"alexsmobs:lobster_tail":1,"minecraft:cobblestone":57,"minecraft:birch_log":127,"minecraft:pink_petals":48,"gnumus:gnumus_doubloons":14,"minecraft:feather":2,"minecraft:cherry_leaves":91,"minecraft:andesite":3,"minecraft:jungle_log":10,"gnumus:overripe_carrot":7,"minecraft:potato":90,"farmersdelight:bacon":12,"minecraft:tuff":39,"butcher:kidney":2,"minecraft:lantern":1,"minecraft:lapis_lazuli":199,"farmersdelight:chicken_sandwich":3,"farmersdelight:tomato":59,"minecraft:dirt":205,"gnumus:gnumus_pouch_2":3,"farmersdelight:mutton_chops":12,"minecraft:bone":10,"butcher:cow_skin":4,"farmersdelight:iron_knife":2,"butcher:raw_ribeye_steak":1,"minecraft:wheat_seeds":363,"goblins_tyranny:alarm_horn":2,"butcher:raw_tbone_steak":1,"minecraft:raw_gold":32,"butcher:animalfat":10,"butcher:intestines":1,"butcher:stomach":1,"minecraft:dark_oak_sign":2,"minecraft:rabbit":3,"minecraft:moss_block":7,"minecraft:oak_planks":4,"butcher:cow_headf":1,"minecraft:sand":17,"minecraft:ink_sac":1,"farmersdelight:ham":8,"mysticsbiomes:orange_egg":5,"minecraft:sugar":1,"minecraft:diamond":2,"farm_and_charm:wild_ribwort":3,"gnumus:gnumus_clay":42,"minecraft:granite":2,"minecraft:grass":3,"minecraft:emerald":1,"minecraft:bread":10,"minecraft:oak_sapling":7,"minecraft:dark_oak_fence":2,"minecraft:oak_leaves":53,"butcher:liver":1,"minecraft:crafting_table":1,"minecraft:allium":22,"minecraft:azure_bluet":5,"minecraft:chicken":5,"minecraft:clay_ball":16,"minecraft:brown_mushroom":1,"backpacked:backpack":1,"minecraft:cooked_rabbit":1,"farm_and_charm:silo_wood":2,"minecraft:shield":3,"minecraft:brick":4,"butcher:raw_sirloin_steak":1,"minecraft:iron_axe":1,"minecraft:cornflower":6,"minecraft:moss_carpet":3,"mysticsbiomes:milkweed":1,"minecraft:item_frame":5,"minecraft:beef":16,"minecraft:andesite_stairs":1,"farmersdelight:straw":91,"minecraft:poppy":5,"minecraft:jungle_sapling":5,"minecraft:spruce_slab":2,"minecraft:light_gray_wool":2,"minecraft:sugar_cane":75,"minecraft:chest":1,"minecraft:birch_sapling":9,"minecraft:egg":1,"minecraft:dark_oak_sapling":1,"minecraft:raw_iron":91,"butcher:pighead":3,"minecraft:raw_gold_block":5,"gnumus:juicy_meat":8,"butcher:sheep_corpse_item":2,"farmersdelight:tomato_seeds":14,"minecraft:carrot":110,"minecraft:redstone":63,"minecraft:dark_oak_planks":2,"mysticsbiomes:strawberry":12,"minecraft:arrow":5,"minecraft:beetroot_seeds":1,"minecraft:shears":1,"goblins_tyranny:bottles":3,"minecraft:pink_tulip":5,"gnumus:mouse_skin":16,"minecraft:mutton":20,"minecraft:white_wool":8,"minecraft:oxeye_daisy":6,"butcher:villager_meat":1,"butcher:butchers_knife":1,"minecraft:golden_carrot":4,"minecraft:salmon":1,"minecraft:leather":26,"vinery:jungle_grape_seeds_red":9,"minecraft:red_mushroom":160,"gnumus:gnumus_pouch":6,"minecraft:oak_log":42,"farm_and_charm:onion":16,"minecraft:paper":2,"mysticsbiomes:purple_egg":2,"vinery:wine_bottle":4,"minecraft:apple":3,"minecraft:stone_bricks":15,"minecraft:kelp":10,"gnumus:gnumus_horn":1,"mysticsbiomes:strawberry_log":97,"farmersdelight:apple_cider":3,"minecraft:rabbit_hide":1,"butcher:villager_corpse_item":2,"butcher:raw_chuck_steak":1,"minecraft:iron_sword":1,"minecraft:book":18,"butcher:sheephead":1,"minecraft:dark_oak_slab":1,"minecraft:birch_boat":6,"minecraft:pumpkin":2,"minecraft:sweet_berries":33,"minecraft:dandelion":8,"minecraft:dripstone_block":6,"minecraft:gravel":5,"butcher:raw_rump_steak":1,"gnumus:gnumus_cheese":1,"minecraft:white_bed":3,"minecraft:crying_obsidian":2,"minecraft:dark_oak_fence_gate":2,"butcher:heart":1,"butcher:cowhoof":20,"farmersdelight:stuffed_potato":2,"goblins_tyranny:coin":15,"minecraft:scute":11,"minecraft:birch_sign":2,"minecraft:cherry_sapling":51,"minecraft:black_wool":1,"minecraft:dark_oak_wood":15,"butcher:lungs":1,"minecraft:coal":36,"minecraft:sunflower":3}},"DataVersion":3465}