{"stats":{"minecraft:crafted":{"minecraft:oak_planks":144,"minecraft:birch_boat":1,"minecraft:cooked_chicken":3,"minecraft:dark_oak_sign":3,"minecraft:cooked_mutton":11,"minecraft:glass":7,"minecraft:iron_boots":1,"minecraft:iron_axe":4,"minecraft:chest":1,"minecraft:oak_fence":86,"minecraft:cooked_rabbit":3,"minecraft:birch_sign":3,"minecraft:turtle_helmet":2,"minecraft:cooked_beef":4,"minecraft:red_dye":2,"farmersdelight:tomato_seeds":6,"minecraft:cooked_porkchop":2,"alexsmobs:cooked_lobster_tail":2,"farmersdelight:iron_knife":1,"minecraft:iron_sword":2,"minecraft:bucket":4,"minecraft:birch_planks":28,"minecraft:bread":21,"minecraft:air":0,"minecraft:iron_chestplate":1,"minecraft:charcoal":49,"minecraft:stick":76,"minecraft:iron_ingot":115,"minecraft:iron_pickaxe":1,"minecraft:iron_shovel":1,"minecraft:gold_ingot":36,"minecraft:white_bed":1,"minecraft:acacia_planks":4,"minecraft:torch":44},"minecraft:custom":{"lootr:looted_stat":6,"minecraft:mob_kills":33,"minecraft:animals_bred":9,"minecraft:interact_with_crafting_table":42,"minecraft:leave_game":8,"minecraft:time_since_death":222924,"minecraft:climb_one_cm":3310,"minecraft:sprint_one_cm":265036,"minecraft:walk_one_cm":1473546,"minecraft:drop":122,"minecraft:talked_to_villager":2,"minecraft:play_time":551424,"minecraft:deaths":1,"minecraft:sneak_time":453,"minecraft:walk_under_water_one_cm":133842,"minecraft:jump":2812,"astikorcarts:cart_one_cm":130548,"minecraft:walk_on_water_one_cm":127688,"minecraft:total_world_time":551424,"minecraft:interact_with_furnace":54,"minecraft:interact_with_stonecutter":2,"minecraft:sleep_in_bed":8,"minecraft:time_since_rest":32995,"minecraft:damage_taken":1434,"minecraft:damage_dealt":5013,"minecraft:swim_one_cm":100366,"minecraft:fly_one_cm":147286,"minecraft:open_chest":117,"minecraft:crouch_one_cm":965,"minecraft:interact_with_smoker":1,"minecraft:fall_one_cm":32994,"minecraft:horse_one_cm":8698},"minecraft:broken":{"minecraft:iron_axe":3,"minecraft:iron_pickaxe":1},"minecraft:mined":{"minecraft:dark_oak_planks":1,"minecraft:tuff":2,"farmersdelight:onions":7,"minecraft:white_bed":3,"minecraft:dark_oak_leaves":48,"minecraft:deepslate_diamond_ore":2,"goblins_tyranny:coins_4":1,"goblins_tyranny:liquor_bottles_3":1,"gravestone:gravestone":1,"minecraft:granite":2,"minecraft:dark_oak_fence":2,"minecraft:acacia_log":6,"minecraft:allium":3,"minecraft:grass_block":6,"minecraft:brown_mushroom_block":25,"farmersdelight:wild_cabbages":13,"minecraft:kelp":5,"minecraft:oxeye_daisy":5,"farmersdelight:wild_onions":7,"minecraft:tall_seagrass":134,"minecraft:redstone_ore":3,"gnumus:scion_weed":1,"minecraft:carrots":31,"minecraft:furnace":2,"minecraft:iron_ore":44,"minecraft:dark_oak_fence_gate":3,"goblins_tyranny:coin_barrel":1,"minecraft:pumpkin":2,"minecraft:deepslate_lapis_ore":27,"minecraft:peony":1,"minecraft:azure_bluet":5,"goblins_tyranny:mugs_2":1,"minecraft:potatoes":23,"minecraft:deepslate_iron_ore":54,"minecraft:lantern":1,"minecraft:birch_wall_sign":1,"minecraft:pink_tulip":5,"gnumus:fragile_gnumus_jug":3,"minecraft:stone":18,"minecraft:white_tulip":4,"minecraft:deepslate_redstone_ore":12,"goblins_tyranny:alarm_horn":1,"minecraft:acacia_leaves":1,"minecraft:kelp_plant":3,"mysticsbiomes:sea_oats":1,"minecraft:dandelion":6,"minecraft:torch":23,"minecraft:oak_fence":21,"minecraft:crafting_table":1,"minecraft:clay":4,"minecraft:cornflower":6,"minecraft:dark_oak_wood":16,"minecraft:poppy":4,"minecraft:rose_bush":1,"minecraft:mushroom_stem":55,"farmersdelight:cabbages":37,"farmersdelight:wild_tomatoes":10,"minecraft:deepslate_gold_ore":24,"minecraft:lapis_ore":4,"minecraft:sugar_cane":38,"minecraft:wall_torch":2,"minecraft:seagrass":72,"farmersdelight:sandy_shrub":1,"minecraft:dark_oak_slab":2,"minecraft:birch_log":128,"minecraft:wheat":89,"minecraft:birch_leaves":23,"minecraft:grass":43,"minecraft:coal_ore":11,"minecraft:oak_log":32,"minecraft:dark_oak_sign":2,"goblins_tyranny:coins_2":1,"minecraft:sunflower":3,"minecraft:gravel":7,"minecraft:sand":15,"minecraft:dirt":5,"minecraft:cobweb":1,"minecraft:birch_sign":1,"minecraft:red_mushroom_block":445,"mysticsbiomes:milkweed":1,"minecraft:gold_ore":4,"minecraft:oak_leaves":109,"minecraft:deepslate":65},"minecraft:killed":{"alexsmobs:lobster":1,"minecraft:spider":2,"minecraft:phantom":1,"minecraft:skeleton":1,"minecraft:chicken":3,"gnumus:gnumus_hunter":1,"minecraft:drowned":1,"minecraft:turtle":1,"alexsmobs:flying_fish":3,"minecraft:salmon":1,"minecraft:zombie_villager":1,"minecraft:sheep":8,"minecraft:trader_llama":1,"minecraft:zombie":5,"alexsmobs:gazelle":1,"minecraft:cow":2},"minecraft:picked_up":{"minecraft:seagrass":75,"minecraft:wheat":81,"minecraft:crafting_table":1,"minecraft:allium":18,"minecraft:azure_bluet":5,"minecraft:chicken":2,"minecraft:clay_ball":16,"minecraft:lead":3,"minecraft:brown_mushroom":1,"gnumus:gnumus_claw":3,"backpacked:backpack":1,"goblins_tyranny:mug":2,"minecraft:shield":1,"minecraft:cornflower":6,"minecraft:string":6,"alexsmobs:gazelle_horn":1,"mysticsbiomes:milkweed":1,"minecraft:cobbled_deepslate":60,"farmersdelight:cabbage":35,"gnumus:packaged_goods":2,"minecraft:beef":4,"minecraft:white_tulip":4,"farmersdelight:straw":55,"minecraft:rose_bush":1,"minecraft:poppy":4,"minecraft:light_gray_wool":2,"minecraft:iron_pickaxe":5,"minecraft:sugar_cane":72,"minecraft:birch_sapling":9,"farmersdelight:cabbage_seeds":102,"minecraft:furnace":2,"minecraft:dark_oak_sapling":1,"minecraft:stick":8,"minecraft:raw_iron":87,"special_drops:zombie_sword":1,"farmersdelight:rotten_tomato":3,"minecraft:oak_fence":25,"minecraft:torch":23,"minecraft:acacia_log":5,"farmersdelight:tomato_seeds":14,"minecraft:carrot":110,"gnumus:grilled_juicy_meat":1,"minecraft:redstone":63,"minecraft:dark_oak_planks":1,"plenty_of_golems:golems_staff":2,"butcher:villager_meat":1,"minecraft:arrow":2,"minecraft:rotten_flesh":5,"farmersdelight:onion":33,"minecraft:shears":1,"alexsmobs:boiled_emu_egg":1,"minecraft:pink_tulip":5,"gnumus:gnumus_chickpeas":2,"goblins_tyranny:bottles":3,"alexsmobs:emu_egg":5,"minecraft:mutton":15,"alexsmobs:flying_fish":5,"minecraft:cod":10,"alexsmobs:lobster_tail":1,"minecraft:white_wool":6,"minecraft:cobblestone":45,"minecraft:oxeye_daisy":6,"minecraft:birch_log":125,"gnumus:gnumus_doubloons":4,"minecraft:feather":2,"minecraft:golden_carrot":4,"minecraft:salmon":1,"gnumus:overripe_carrot":4,"minecraft:leather":10,"minecraft:potato":89,"minecraft:red_mushroom":160,"gnumus:gnumus_pouch":1,"minecraft:tuff":4,"minecraft:oak_log":38,"farmersdelight:tomato":59,"farmersdelight:chicken_sandwich":3,"minecraft:lapis_lazuli":199,"minecraft:dirt":5,"minecraft:paper":2,"minecraft:lantern":1,"minecraft:bone":2,"farmersdelight:iron_knife":1,"gnumus:gnumus_horn":1,"minecraft:kelp":10,"minecraft:wheat_seeds":230,"goblins_tyranny:alarm_horn":2,"minecraft:raw_gold":25,"farmersdelight:apple_cider":3,"minecraft:dark_oak_sign":2,"minecraft:iron_sword":1,"minecraft:dark_oak_slab":1,"minecraft:birch_boat":2,"minecraft:pumpkin":2,"minecraft:dandelion":6,"minecraft:gravel":5,"minecraft:sand":17,"minecraft:ink_sac":1,"minecraft:white_bed":3,"minecraft:crying_obsidian":2,"minecraft:dark_oak_fence_gate":2,"farmersdelight:stuffed_potato":2,"goblins_tyranny:coin":15,"minecraft:diamond":2,"minecraft:granite":2,"minecraft:scute":11,"minecraft:birch_sign":2,"minecraft:bread":7,"minecraft:oak_sapling":7,"minecraft:dark_oak_fence":2,"minecraft:coal":11,"minecraft:dark_oak_wood":15,"minecraft:oak_leaves":53,"minecraft:sunflower":3},"minecraft:used":{"minecraft:oak_fence":61,"farmersdelight:cabbage_seeds":31,"minecraft:chest":1,"farmersdelight:cabbage":3,"minecraft:iron_sword":136,"minecraft:stone_hoe":75,"minecraft:torch":52,"minecraft:dirt":1,"minecraft:carrot":43,"minecraft:dark_oak_planks":1,"farmersdelight:tomato":1,"minecraft:iron_axe":888,"minecraft:birch_sapling":9,"farmersdelight:rotten_tomato":3,"minecraft:potato":27,"minecraft:oak_sapling":4,"minecraft:cooked_beef":2,"alexsmobs:boiled_emu_egg":1,"farmersdelight:tomato_seeds":11,"minecraft:cobbled_deepslate":11,"gnumus:grilled_juicy_meat":1,"minecraft:seagrass":15,"minecraft:dark_oak_sapling":1,"farmersdelight:iron_knife":191,"minecraft:wheat_seeds":92,"goblins_tyranny:goblins_tyranny_guide":6,"minecraft:dark_oak_sign":2,"minecraft:birch_boat":2,"minecraft:sugar_cane":4,"minecraft:oak_leaves":2,"farmersdelight:onion":16,"farmersdelight:chicken_sandwich":1,"minecraft:sand":1,"minecraft:birch_sign":4,"minecraft:white_bed":3,"goblins_tyranny:goat_hide":1,"minecraft:shears":57,"farmersdelight:apple_cider":2,"minecraft:crying_obsidian":2,"minecraft:bread":7,"minecraft:iron_pickaxe":286,"goblins_tyranny:alarm_horn":2,"minecraft:cobblestone":7,"minecraft:cooked_porkchop":2,"minecraft:cooked_rabbit":3,"minecraft:birch_log":3,"alexsmobs:animal_dictionary":9,"minecraft:dandelion":1},"minecraft:killed_by":{"minecraft:enderman":1},"minecraft:dropped":{"farmersdelight:iron_knife":1,"minecraft:iron_sword":1,"minecraft:wheat_seeds":2,"minecraft:oak_log":2,"butcher:villager_meat":1,"minecraft:crafting_table":1,"minecraft:oak_fence":46,"minecraft:feather":2,"minecraft:cobblestone":4,"minecraft:lead":2,"special_drops:zombie_sword":1,"minecraft:granite":2,"minecraft:golden_apple":1,"minecraft:cod":6,"minecraft:stick":48,"minecraft:dirt":3,"minecraft:oxeye_daisy":1,"minecraft:milk_bucket":3,"gnumus:gnumus_claw":2,"minecraft:golden_carrot":3,"minecraft:ink_sac":1,"alexsmobs:cooked_lobster_tail":1,"minecraft:mutton":4,"plenty_of_golems:golems_staff":2,"alexsmobs:flying_fish":7,"minecraft:seagrass":11,"minecraft:red_dye":2,"minecraft:bucket":1,"minecraft:sand":8,"minecraft:string":2,"minecraft:dandelion":1,"minecraft:iron_pickaxe":3,"minecraft:gravel":5,"minecraft:paper":2,"minecraft:kelp":10,"minecraft:cooked_chicken":2,"minecraft:tuff":2,"farmersdelight:cabbage_seeds":32,"farmersdelight:cabbage":6,"minecraft:rotten_flesh":18,"minecraft:oak_planks":3,"minecraft:cooked_mutton":8,"minecraft:white_bed":1,"minecraft:carrot":12,"minecraft:turtle_helmet":1,"minecraft:allium":7,"gnumus:gnumus_chickpeas":1,"minecraft:oak_sapling":3,"gnumus:gnumus_horn":1,"mysticsbiomes:milkweed":1}},"DataVersion":3465}